timestamp,kW,kW_scaled
2022-09-01 00:00:01,0.563,26.71232876712328
2022-09-01 00:00:30,0.514,20.000000000000004
2022-09-01 00:01:00,0.535,22.87671232876713
2022-09-01 00:01:31,0.511,19.589041095890416
2022-09-01 00:02:00,0.535,22.87671232876713
2022-09-01 00:02:31,0.475,14.65753424657534
2022-09-01 00:03:01,0.5,18.08219178082192
2022-09-01 00:03:31,0.466,13.42465753424658
2022-09-01 00:04:01,0.516,20.27397260273973
2022-09-01 00:04:30,0.465,13.287671232876717
2022-09-01 00:05:00,0.544,24.109589041095898
2022-09-01 00:05:31,0.461,12.739726027397264
2022-09-01 00:06:00,0.454,11.780821917808222
2022-09-01 00:06:31,0.466,13.42465753424658
2022-09-01 00:07:00,0.5,18.08219178082192
2022-09-01 00:07:31,0.467,13.561643835616444
2022-09-01 00:08:00,0.524,21.369863013698634
2022-09-01 00:08:31,0.463,13.01369863013699
2022-09-01 00:09:01,0.525,21.5068493150685
2022-09-01 00:09:30,0.479,15.205479452054792
2022-09-01 00:10:00,0.548,24.657534246575352
2022-09-01 00:10:31,0.468,13.698630136986306
2022-09-01 00:11:00,0.517,20.41095890410959
2022-09-01 00:11:30,0.469,13.835616438356162
2022-09-01 00:12:01,0.5,18.08219178082192
2022-09-01 00:12:30,0.453,11.643835616438357
2022-09-01 00:13:00,0.52,20.821917808219183
2022-09-01 00:13:31,0.491,16.84931506849315
2022-09-01 00:14:01,0.519,20.68493150684932
2022-09-01 00:14:30,0.457,12.19178082191781
2022-09-01 00:15:00,0.533,22.6027397260274
2022-09-01 00:15:31,0.475,14.65753424657534
2022-09-01 00:16:01,0.522,21.09589041095891
2022-09-01 00:16:30,0.467,13.561643835616444
2022-09-01 00:17:01,0.528,21.917808219178088
2022-09-01 00:17:30,0.467,13.561643835616444
2022-09-01 00:18:01,0.459,12.465753424657537
2022-09-01 00:18:30,0.454,11.780821917808222
2022-09-01 00:19:01,0.484,15.89041095890411
2022-09-01 00:19:30,0.472,14.24657534246575
2022-09-01 00:20:00,0.545,24.24657534246576
2022-09-01 00:20:31,0.465,13.287671232876717
2022-09-01 00:21:01,0.497,17.67123287671233
2022-09-01 00:21:30,0.47,13.972602739726025
2022-09-01 00:22:01,0.529,22.05479452054795
2022-09-01 00:22:31,0.471,14.109589041095887
2022-09-01 00:23:00,0.524,21.369863013698634
2022-09-01 00:23:31,0.474,14.520547945205477
2022-09-01 00:24:00,0.51,19.45205479452055
2022-09-01 00:24:30,0.47,13.972602739726025
2022-09-01 00:25:01,0.498,17.808219178082194
2022-09-01 00:25:31,0.458,12.328767123287674
2022-09-01 00:26:00,0.52,20.821917808219183
2022-09-01 00:26:30,0.468,13.698630136986306
2022-09-01 00:27:00,0.489,16.575342465753423
2022-09-01 00:27:31,0.472,14.24657534246575
2022-09-01 00:28:01,0.494,17.26027397260274
2022-09-01 00:28:30,0.473,14.383561643835614
2022-09-01 00:29:01,0.451,11.369863013698632
2022-09-01 00:29:30,0.46,12.602739726027401
2022-09-01 00:30:00,0.522,21.09589041095891
2022-09-01 00:30:31,0.459,12.465753424657537
2022-09-01 00:31:01,0.489,16.575342465753423
2022-09-01 00:31:30,0.473,14.383561643835614
2022-09-01 00:32:00,0.516,20.27397260273973
2022-09-01 00:32:31,0.468,13.698630136986306
2022-09-01 00:33:01,0.494,17.26027397260274
2022-09-01 00:33:31,0.485,16.027397260273972
2022-09-01 00:34:00,0.489,16.575342465753423
2022-09-01 00:34:31,0.474,14.520547945205477
2022-09-01 00:35:01,0.55,24.931506849315078
2022-09-01 00:35:30,0.47,13.972602739726025
2022-09-01 00:36:01,0.522,21.09589041095891
2022-09-01 00:36:31,0.47,13.972602739726025
2022-09-01 00:37:00,0.518,20.547945205479458
2022-09-01 00:37:31,0.476,14.794520547945204
2022-09-01 00:38:01,0.519,20.68493150684932
2022-09-01 00:38:30,0.47,13.972602739726025
2022-09-01 00:39:01,0.481,15.47945205479452
2022-09-01 00:39:30,0.466,13.42465753424658
2022-09-01 00:40:00,0.496,17.534246575342465
2022-09-01 00:40:31,0.455,11.917808219178085
2022-09-01 00:41:01,0.504,18.630136986301373
2022-09-01 00:41:30,0.474,14.520547945205477
2022-09-01 00:42:01,0.502,18.356164383561648
2022-09-01 00:42:31,0.461,12.739726027397264
2022-09-01 00:43:00,0.527,21.780821917808225
2022-09-01 00:43:31,0.459,12.465753424657537
2022-09-01 00:44:00,0.52,20.821917808219183
2022-09-01 00:44:30,0.468,13.698630136986306
2022-09-01 00:45:01,0.559,26.164383561643845
2022-09-01 00:45:31,0.458,12.328767123287674
2022-09-01 00:46:00,0.516,20.27397260273973
2022-09-01 00:46:31,0.468,13.698630136986306
2022-09-01 00:47:01,0.517,20.41095890410959
2022-09-01 00:47:30,0.468,13.698630136986306
2022-09-01 00:48:00,0.491,16.84931506849315
2022-09-01 00:48:31,0.468,13.698630136986306
2022-09-01 00:49:00,0.494,17.26027397260274
2022-09-01 00:49:31,0.466,13.42465753424658
2022-09-01 00:50:01,0.54,23.561643835616444
2022-09-01 00:50:30,0.471,14.109589041095887
2022-09-01 00:51:01,0.477,14.931506849315067
2022-09-01 00:51:31,0.475,14.65753424657534
2022-09-01 00:52:01,0.538,23.28767123287672
2022-09-01 00:52:31,0.462,12.876712328767127
2022-09-01 00:53:00,0.513,19.86301369863014
2022-09-01 00:53:31,0.471,14.109589041095887
2022-09-01 00:54:01,0.492,16.986301369863014
2022-09-01 00:54:30,0.478,15.06849315068493
2022-09-01 00:55:01,0.549,24.794520547945215
2022-09-01 00:55:31,0.465,13.287671232876717
2022-09-01 00:56:00,0.516,20.27397260273973
2022-09-01 00:56:31,0.469,13.835616438356162
2022-09-01 00:57:00,0.511,19.589041095890416
2022-09-01 00:57:30,0.477,14.931506849315067
2022-09-01 00:58:01,0.516,20.27397260273973
2022-09-01 00:58:30,0.474,14.520547945205477
2022-09-01 00:59:01,0.512,19.726027397260278
2022-09-01 00:59:31,0.467,13.561643835616444
2022-09-01 01:00:00,0.55,24.931506849315078
2022-09-01 01:00:30,0.474,14.520547945205477
2022-09-01 01:01:01,0.502,18.356164383561648
2022-09-01 01:01:31,0.466,13.42465753424658
2022-09-01 01:02:00,0.541,23.69863013698631
2022-09-01 01:02:31,0.471,14.109589041095887
2022-09-01 01:03:00,0.515,20.136986301369866
2022-09-01 01:03:31,0.463,13.01369863013699
2022-09-01 01:04:01,0.475,14.65753424657534
2022-09-01 01:04:30,0.469,13.835616438356162
2022-09-01 01:05:01,0.534,22.739726027397268
2022-09-01 01:05:31,0.471,14.109589041095887
2022-09-01 01:06:00,0.523,21.23287671232877
2022-09-01 01:06:31,0.471,14.109589041095887
2022-09-01 01:07:00,0.457,12.19178082191781
2022-09-01 01:07:31,0.462,12.876712328767127
2022-09-01 01:08:01,0.525,21.5068493150685
2022-09-01 01:08:30,0.471,14.109589041095887
2022-09-01 01:09:01,0.489,16.575342465753423
2022-09-01 01:09:31,0.47,13.972602739726025
2022-09-01 01:10:00,0.527,21.780821917808225
2022-09-01 01:10:30,0.477,14.931506849315067
2022-09-01 01:11:01,0.528,21.917808219178088
2022-09-01 01:11:31,0.471,14.109589041095887
2022-09-01 01:12:00,0.527,21.780821917808225
2022-09-01 01:12:31,0.469,13.835616438356162
2022-09-01 01:13:01,0.478,15.06849315068493
2022-09-01 01:13:31,0.474,14.520547945205477
2022-09-01 01:14:01,0.525,21.5068493150685
2022-09-01 01:14:31,0.452,11.506849315068495
2022-09-01 01:15:00,0.528,21.917808219178088
2022-09-01 01:15:31,0.454,11.780821917808222
2022-09-01 01:16:00,0.518,20.547945205479458
2022-09-01 01:16:31,0.476,14.794520547945204
2022-09-01 01:17:00,0.469,13.835616438356162
2022-09-01 01:17:30,0.472,14.24657534246575
2022-09-01 01:18:01,0.47,13.972602739726025
2022-09-01 01:18:31,0.466,13.42465753424658
2022-09-01 01:19:00,0.528,21.917808219178088
2022-09-01 01:19:30,0.465,13.287671232876717
2022-09-01 01:20:01,0.531,22.328767123287676
2022-09-01 01:20:30,0.47,13.972602739726025
2022-09-01 01:21:01,0.51,19.45205479452055
2022-09-01 01:21:30,0.472,14.24657534246575
2022-09-01 01:22:00,0.51,19.45205479452055
2022-09-01 01:22:31,0.474,14.520547945205477
2022-09-01 01:23:00,0.454,11.780821917808222
2022-09-01 01:23:30,0.474,14.520547945205477
2022-09-01 01:24:01,0.467,13.561643835616444
2022-09-01 01:24:31,0.456,12.054794520547947
2022-09-01 01:25:01,0.544,24.109589041095898
2022-09-01 01:25:31,0.475,14.65753424657534
2022-09-01 01:26:01,0.513,19.86301369863014
2022-09-01 01:26:30,0.462,12.876712328767127
2022-09-01 01:27:00,0.456,12.054794520547947
2022-09-01 01:27:31,0.476,14.794520547945204
2022-09-01 01:28:00,0.488,16.438356164383563
2022-09-01 01:28:30,0.47,13.972602739726025
2022-09-01 01:29:01,0.508,19.178082191780824
2022-09-01 01:29:30,0.469,13.835616438356162
2022-09-01 01:30:01,0.539,23.424657534246585
2022-09-01 01:30:31,0.473,14.383561643835614
2022-09-01 01:31:01,0.497,17.67123287671233
2022-09-01 01:31:30,0.481,15.47945205479452
2022-09-01 01:32:01,0.499,17.945205479452056
2022-09-01 01:32:31,0.469,13.835616438356162
2022-09-01 01:33:01,0.485,16.027397260273972
2022-09-01 01:33:30,0.465,13.287671232876717
2022-09-01 01:34:00,0.505,18.767123287671236
2022-09-01 01:34:31,0.47,13.972602739726025
2022-09-01 01:35:01,0.516,20.27397260273973
2022-09-01 01:35:31,0.472,14.24657534246575
2022-09-01 01:36:00,0.528,21.917808219178088
2022-09-01 01:36:31,0.473,14.383561643835614
2022-09-01 01:37:01,0.512,19.726027397260278
2022-09-01 01:37:30,0.468,13.698630136986306
2022-09-01 01:38:00,0.517,20.41095890410959
2022-09-01 01:38:31,0.466,13.42465753424658
2022-09-01 01:39:00,0.53,22.191780821917817
2022-09-01 01:39:31,0.471,14.109589041095887
2022-09-01 01:40:00,0.515,20.136986301369866
2022-09-01 01:40:30,0.472,14.24657534246575
2022-09-01 01:41:01,0.468,13.698630136986306
2022-09-01 01:41:30,0.471,14.109589041095887
2022-09-01 01:42:00,0.529,22.05479452054795
2022-09-01 01:42:31,0.459,12.465753424657537
2022-09-01 01:43:00,0.451,11.369863013698632
2022-09-01 01:43:31,0.466,13.42465753424658
2022-09-01 01:44:00,0.502,18.356164383561648
2022-09-01 01:44:31,0.468,13.698630136986306
2022-09-01 01:45:01,0.549,24.794520547945215
2022-09-01 01:45:31,0.464,13.150684931506852
2022-09-01 01:46:00,0.472,14.24657534246575
2022-09-01 01:46:30,0.474,14.520547945205477
2022-09-01 01:47:01,0.521,20.958904109589046
2022-09-01 01:47:30,0.466,13.42465753424658
2022-09-01 01:48:01,0.516,20.27397260273973
2022-09-01 01:48:31,0.469,13.835616438356162
2022-09-01 01:49:00,0.492,16.986301369863014
2022-09-01 01:49:31,0.466,13.42465753424658
2022-09-01 01:50:00,0.552,25.205479452054803
2022-09-01 01:50:30,0.472,14.24657534246575
2022-09-01 01:51:00,0.474,14.520547945205477
2022-09-01 01:51:31,0.473,14.383561643835614
2022-09-01 01:52:01,0.45,11.232876712328768
2022-09-01 01:52:30,0.462,12.876712328767127
2022-09-01 01:53:00,0.461,12.739726027397264
2022-09-01 01:53:30,0.47,13.972602739726025
2022-09-01 01:54:01,0.508,19.178082191780824
2022-09-01 01:54:31,0.452,11.506849315068495
2022-09-01 01:55:01,0.537,23.15068493150686
2022-09-01 01:55:30,0.471,14.109589041095887
2022-09-01 01:56:01,0.526,21.643835616438363
2022-09-01 01:56:31,0.475,14.65753424657534
2022-09-01 01:57:01,0.528,21.917808219178088
2022-09-01 01:57:30,0.468,13.698630136986306
2022-09-01 01:58:01,0.486,16.164383561643834
2022-09-01 01:58:30,0.467,13.561643835616444
2022-09-01 01:59:01,0.53,22.191780821917817
2022-09-01 01:59:31,0.463,13.01369863013699
2022-09-01 02:00:01,0.518,20.547945205479458
2022-09-01 02:00:30,0.471,14.109589041095887
2022-09-01 02:01:01,0.508,19.178082191780824
2022-09-01 02:01:30,0.489,16.575342465753423
2022-09-01 02:02:00,0.517,20.41095890410959
2022-09-01 02:02:31,0.456,12.054794520547947
2022-09-01 02:03:00,0.517,20.41095890410959
2022-09-01 02:03:30,0.46,12.602739726027401
2022-09-01 02:04:01,0.49,16.71232876712329
2022-09-01 02:04:30,0.47,13.972602739726025
2022-09-01 02:05:01,0.536,23.013698630136993
2022-09-01 02:05:30,0.465,13.287671232876717
2022-09-01 02:06:00,0.472,14.24657534246575
2022-09-01 02:06:31,0.456,12.054794520547947
2022-09-01 02:07:01,0.465,13.287671232876717
2022-09-01 02:07:31,0.465,13.287671232876717
2022-09-01 02:08:01,0.475,14.65753424657534
2022-09-01 02:08:31,0.454,11.780821917808222
2022-09-01 02:09:01,0.532,22.465753424657542
2022-09-01 02:09:31,0.456,12.054794520547947
2022-09-01 02:10:01,0.53,22.191780821917817
2022-09-01 02:10:30,0.466,13.42465753424658
2022-09-01 02:11:01,0.496,17.534246575342465
2022-09-01 02:11:30,0.456,12.054794520547947
2022-09-01 02:12:01,0.538,23.28767123287672
2022-09-01 02:12:31,0.456,12.054794520547947
2022-09-01 02:13:00,0.527,21.780821917808225
2022-09-01 02:13:31,0.46,12.602739726027401
2022-09-01 02:14:01,0.531,22.328767123287676
2022-09-01 02:14:30,0.457,12.19178082191781
2022-09-01 02:15:01,0.531,22.328767123287676
2022-09-01 02:15:30,0.459,12.465753424657537
2022-09-01 02:16:00,0.527,21.780821917808225
2022-09-01 02:16:30,0.457,12.19178082191781
2022-09-01 02:17:01,0.508,19.178082191780824
2022-09-01 02:17:30,0.456,12.054794520547947
2022-09-01 02:18:00,0.474,14.520547945205477
2022-09-01 02:18:30,0.47,13.972602739726025
2022-09-01 02:19:00,0.53,22.191780821917817
2022-09-01 02:19:31,0.46,12.602739726027401
2022-09-01 02:20:00,0.491,16.84931506849315
2022-09-01 02:20:31,0.458,12.328767123287674
2022-09-01 02:21:01,0.469,13.835616438356162
2022-09-01 02:21:30,0.456,12.054794520547947
2022-09-01 02:22:01,0.514,20.000000000000004
2022-09-01 02:22:31,0.452,11.506849315068495
2022-09-01 02:23:00,0.521,20.958904109589046
2022-09-01 02:23:31,0.479,15.205479452054792
2022-09-01 02:24:01,0.469,13.835616438356162
2022-09-01 02:24:30,0.459,12.465753424657537
2022-09-01 02:25:00,0.511,19.589041095890416
2022-09-01 02:25:31,0.457,12.19178082191781
2022-09-01 02:26:01,0.513,19.86301369863014
2022-09-01 02:26:31,0.465,13.287671232876717
2022-09-01 02:27:00,0.516,20.27397260273973
2022-09-01 02:27:30,0.45,11.232876712328768
2022-09-01 02:28:01,0.505,18.767123287671236
2022-09-01 02:28:30,0.458,12.328767123287674
2022-09-01 02:29:00,0.524,21.369863013698634
2022-09-01 02:29:30,0.452,11.506849315068495
2022-09-01 02:30:01,0.525,21.5068493150685
2022-09-01 02:30:31,0.469,13.835616438356162
2022-09-01 02:31:01,0.506,18.9041095890411
2022-09-01 02:31:31,0.484,15.89041095890411
2022-09-01 02:32:00,0.525,21.5068493150685
2022-09-01 02:32:31,0.453,11.643835616438357
2022-09-01 02:33:01,0.498,17.808219178082194
2022-09-01 02:33:30,0.465,13.287671232876717
2022-09-01 02:34:01,0.5,18.08219178082192
2022-09-01 02:34:31,0.462,12.876712328767127
2022-09-01 02:35:00,0.511,19.589041095890416
2022-09-01 02:35:31,0.454,11.780821917808222
2022-09-01 02:36:01,0.517,20.41095890410959
2022-09-01 02:36:30,0.456,12.054794520547947
2022-09-01 02:37:01,0.518,20.547945205479458
2022-09-01 02:37:31,0.459,12.465753424657537
2022-09-01 02:38:00,0.525,21.5068493150685
2022-09-01 02:38:31,0.465,13.287671232876717
2022-09-01 02:39:00,0.524,21.369863013698634
2022-09-01 02:39:31,0.463,13.01369863013699
2022-09-01 02:40:01,0.544,24.109589041095898
2022-09-01 02:40:31,0.461,12.739726027397264
2022-09-01 02:41:01,0.49,16.71232876712329
2022-09-01 02:41:30,0.464,13.150684931506852
2022-09-01 02:42:01,0.524,21.369863013698634
2022-09-01 02:42:31,0.46,12.602739726027401
2022-09-01 02:43:00,0.522,21.09589041095891
2022-09-01 02:43:31,0.462,12.876712328767127
2022-09-01 02:44:00,0.482,15.616438356164384
2022-09-01 02:44:30,0.465,13.287671232876717
2022-09-01 02:45:01,0.484,15.89041095890411
2022-09-01 02:45:31,0.464,13.150684931506852
2022-09-01 02:46:00,0.497,17.67123287671233
2022-09-01 02:46:31,0.453,11.643835616438357
2022-09-01 02:47:01,0.519,20.68493150684932
2022-09-01 02:47:30,0.453,11.643835616438357
2022-09-01 02:48:01,0.505,18.767123287671236
2022-09-01 02:48:31,0.47,13.972602739726025
2022-09-01 02:49:00,0.525,21.5068493150685
2022-09-01 02:49:31,0.454,11.780821917808222
2022-09-01 02:50:00,0.522,21.09589041095891
2022-09-01 02:50:31,0.471,14.109589041095887
2022-09-01 02:51:00,0.471,14.109589041095887
2022-09-01 02:51:31,0.46,12.602739726027401
2022-09-01 02:52:00,0.514,20.000000000000004
2022-09-01 02:52:30,0.476,14.794520547945204
2022-09-01 02:53:00,0.517,20.41095890410959
2022-09-01 02:53:31,0.458,12.328767123287674
2022-09-01 02:54:00,0.476,14.794520547945204
2022-09-01 02:54:31,0.451,11.369863013698632
2022-09-01 02:55:01,0.521,20.958904109589046
2022-09-01 02:55:30,0.495,17.397260273972606
2022-09-01 02:56:01,0.523,21.23287671232877
2022-09-01 02:56:31,0.464,13.150684931506852
2022-09-01 02:57:01,0.526,21.643835616438363
2022-09-01 02:57:30,0.459,12.465753424657537
2022-09-01 02:58:01,0.478,15.06849315068493
2022-09-01 02:58:30,0.459,12.465753424657537
2022-09-01 02:59:01,0.495,17.397260273972606
2022-09-01 02:59:31,0.465,13.287671232876717
2022-09-01 03:00:00,0.53,22.191780821917817
2022-09-01 03:00:31,0.466,13.42465753424658
2022-09-01 03:01:01,0.475,14.65753424657534
2022-09-01 03:01:30,0.471,14.109589041095887
2022-09-01 03:02:01,0.498,17.808219178082194
2022-09-01 03:02:30,0.452,11.506849315068495
2022-09-01 03:03:01,0.472,14.24657534246575
2022-09-01 03:03:31,0.469,13.835616438356162
2022-09-01 03:04:00,0.525,21.5068493150685
2022-09-01 03:04:30,0.467,13.561643835616444
2022-09-01 03:05:01,0.559,26.164383561643845
2022-09-01 03:05:30,0.46,12.602739726027401
2022-09-01 03:06:00,0.493,17.123287671232877
2022-09-01 03:06:31,0.48,15.342465753424655
2022-09-01 03:07:00,0.472,14.24657534246575
2022-09-01 03:07:30,0.478,15.06849315068493
2022-09-01 03:08:01,0.513,19.86301369863014
2022-09-01 03:08:30,0.453,11.643835616438357
2022-09-01 03:09:00,0.485,16.027397260273972
2022-09-01 03:09:31,0.469,13.835616438356162
2022-09-01 03:10:00,0.524,21.369863013698634
2022-09-01 03:10:31,0.453,11.643835616438357
2022-09-01 03:11:00,0.494,17.26027397260274
2022-09-01 03:11:30,0.464,13.150684931506852
2022-09-01 03:12:01,0.493,17.123287671232877
2022-09-01 03:12:30,0.477,14.931506849315067
2022-09-01 03:13:01,0.513,19.86301369863014
2022-09-01 03:13:31,0.47,13.972602739726025
2022-09-01 03:14:01,0.519,20.68493150684932
2022-09-01 03:14:31,0.458,12.328767123287674
2022-09-01 03:15:00,0.516,20.27397260273973
2022-09-01 03:15:31,0.455,11.917808219178085
2022-09-01 03:16:00,0.477,14.931506849315067
2022-09-01 03:16:30,0.46,12.602739726027401
2022-09-01 03:17:01,0.497,17.67123287671233
2022-09-01 03:17:30,0.461,12.739726027397264
2022-09-01 03:18:00,0.495,17.397260273972606
2022-09-01 03:18:31,0.479,15.205479452054792
2022-09-01 03:19:00,0.524,21.369863013698634
2022-09-01 03:19:30,0.455,11.917808219178085
2022-09-01 03:20:01,0.541,23.69863013698631
2022-09-01 03:20:30,0.453,11.643835616438357
2022-09-01 03:21:01,0.53,22.191780821917817
2022-09-01 03:21:31,0.457,12.19178082191781
2022-09-01 03:22:00,0.523,21.23287671232877
2022-09-01 03:22:31,0.452,11.506849315068495
2022-09-01 03:23:01,0.462,12.876712328767127
2022-09-01 03:23:30,0.472,14.24657534246575
2022-09-01 03:24:01,0.53,22.191780821917817
2022-09-01 03:24:30,0.457,12.19178082191781
2022-09-01 03:25:01,0.542,23.835616438356173
2022-09-01 03:25:31,0.454,11.780821917808222
2022-09-01 03:26:01,0.497,17.67123287671233
2022-09-01 03:26:30,0.461,12.739726027397264
2022-09-01 03:27:01,0.528,21.917808219178088
2022-09-01 03:27:30,0.456,12.054794520547947
2022-09-01 03:28:01,0.523,21.23287671232877
2022-09-01 03:28:31,0.455,11.917808219178085
2022-09-01 03:29:00,0.478,15.06849315068493
2022-09-01 03:29:30,0.451,11.369863013698632
2022-09-01 03:30:01,0.539,23.424657534246585
2022-09-01 03:30:31,0.459,12.465753424657537
2022-09-01 03:31:00,0.514,20.000000000000004
2022-09-01 03:31:31,0.478,15.06849315068493
2022-09-01 03:32:01,0.523,21.23287671232877
2022-09-01 03:32:30,0.453,11.643835616438357
2022-09-01 03:33:01,0.48,15.342465753424655
2022-09-01 03:33:31,0.451,11.369863013698632
2022-09-01 03:34:00,0.516,20.27397260273973
2022-09-01 03:34:31,0.451,11.369863013698632
2022-09-01 03:35:01,0.534,22.739726027397268
2022-09-01 03:35:31,0.458,12.328767123287674
2022-09-01 03:36:00,0.484,15.89041095890411
2022-09-01 03:36:31,0.463,13.01369863013699
2022-09-01 03:37:01,0.476,14.794520547945204
2022-09-01 03:37:30,0.47,13.972602739726025
2022-09-01 03:38:01,0.509,19.31506849315069
2022-09-01 03:38:30,0.458,12.328767123287674
2022-09-01 03:39:00,0.48,15.342465753424655
2022-09-01 03:39:31,0.454,11.780821917808222
2022-09-01 03:40:00,0.521,20.958904109589046
2022-09-01 03:40:31,0.483,15.753424657534245
2022-09-01 03:41:01,0.509,19.31506849315069
2022-09-01 03:41:30,0.46,12.602739726027401
2022-09-01 03:42:00,0.521,20.958904109589046
2022-09-01 03:42:31,0.453,11.643835616438357
2022-09-01 03:43:00,0.518,20.547945205479458
2022-09-01 03:43:30,0.454,11.780821917808222
2022-09-01 03:44:01,0.507,19.04109589041096
2022-09-01 03:44:31,0.453,11.643835616438357
2022-09-01 03:45:00,0.516,20.27397260273973
2022-09-01 03:45:31,0.468,13.698630136986306
2022-09-01 03:46:01,0.442,10.136986301369863
2022-09-01 03:46:31,0.475,14.65753424657534
2022-09-01 03:47:01,0.469,13.835616438356162
2022-09-01 03:47:30,0.457,12.19178082191781
2022-09-01 03:48:01,0.495,17.397260273972606
2022-09-01 03:48:31,0.454,11.780821917808222
2022-09-01 03:49:00,0.448,10.958904109589042
2022-09-01 03:49:31,0.467,13.561643835616444
2022-09-01 03:50:01,0.509,19.31506849315069
2022-09-01 03:50:31,0.461,12.739726027397264
2022-09-01 03:51:00,0.479,15.205479452054792
2022-09-01 03:51:30,0.453,11.643835616438357
2022-09-01 03:52:01,0.485,16.027397260273972
2022-09-01 03:52:30,0.454,11.780821917808222
2022-09-01 03:53:01,0.53,22.191780821917817
2022-09-01 03:53:31,0.466,13.42465753424658
2022-09-01 03:54:00,0.511,19.589041095890416
2022-09-01 03:54:30,0.454,11.780821917808222
2022-09-01 03:55:00,0.477,14.931506849315067
2022-09-01 03:55:31,0.451,11.369863013698632
2022-09-01 03:56:00,0.487,16.301369863013697
2022-09-01 03:56:30,0.471,14.109589041095887
2022-09-01 03:57:01,0.522,21.09589041095891
2022-09-01 03:57:30,0.471,14.109589041095887
2022-09-01 03:58:00,0.506,18.9041095890411
2022-09-01 03:58:30,0.456,12.054794520547947
2022-09-01 03:59:01,0.496,17.534246575342465
2022-09-01 03:59:30,0.453,11.643835616438357
2022-09-01 04:00:00,0.52,20.821917808219183
2022-09-01 04:00:31,0.467,13.561643835616444
2022-09-01 04:01:01,0.478,15.06849315068493
2022-09-01 04:01:30,0.464,13.150684931506852
2022-09-01 04:02:01,0.452,11.506849315068495
2022-09-01 04:02:30,0.474,14.520547945205477
2022-09-01 04:03:00,0.449,11.095890410958905
2022-09-01 04:03:31,0.47,13.972602739726025
2022-09-01 04:04:00,0.451,11.369863013698632
2022-09-01 04:04:30,0.467,13.561643835616444
2022-09-01 04:05:01,0.487,16.301369863013697
2022-09-01 04:05:30,0.456,12.054794520547947
2022-09-01 04:06:00,0.525,21.5068493150685
2022-09-01 04:06:31,0.451,11.369863013698632
2022-09-01 04:07:00,0.527,21.780821917808225
2022-09-01 04:07:30,0.456,12.054794520547947
2022-09-01 04:08:01,0.528,21.917808219178088
2022-09-01 04:08:30,0.457,12.19178082191781
2022-09-01 04:09:01,0.517,20.41095890410959
2022-09-01 04:09:30,0.461,12.739726027397264
2022-09-01 04:10:00,0.543,23.972602739726035
2022-09-01 04:10:31,0.459,12.465753424657537
2022-09-01 04:11:00,0.522,21.09589041095891
2022-09-01 04:11:30,0.456,12.054794520547947
2022-09-01 04:12:01,0.519,20.68493150684932
2022-09-01 04:12:31,0.454,11.780821917808222
2022-09-01 04:13:00,0.483,15.753424657534245
2022-09-01 04:13:31,0.468,13.698630136986306
2022-09-01 04:14:00,0.519,20.68493150684932
2022-09-01 04:14:31,0.459,12.465753424657537
2022-09-01 04:15:00,0.471,14.109589041095887
2022-09-01 04:15:30,0.466,13.42465753424658
2022-09-01 04:16:01,0.517,20.41095890410959
2022-09-01 04:16:30,0.462,12.876712328767127
2022-09-01 04:17:00,0.52,20.821917808219183
2022-09-01 04:17:31,0.46,12.602739726027401
2022-09-01 04:18:00,0.518,20.547945205479458
2022-09-01 04:18:31,0.459,12.465753424657537
2022-09-01 04:19:01,0.496,17.534246575342465
2022-09-01 04:19:31,0.47,13.972602739726025
2022-09-01 04:20:00,0.492,16.986301369863014
2022-09-01 04:20:31,0.455,11.917808219178085
2022-09-01 04:21:01,0.507,19.04109589041096
2022-09-01 04:21:30,0.459,12.465753424657537
2022-09-01 04:22:01,0.529,22.05479452054795
2022-09-01 04:22:31,0.459,12.465753424657537
2022-09-01 04:23:01,0.5,18.08219178082192
2022-09-01 04:23:30,0.464,13.150684931506852
2022-09-01 04:24:01,0.502,18.356164383561648
2022-09-01 04:24:31,0.458,12.328767123287674
2022-09-01 04:25:00,0.505,18.767123287671236
2022-09-01 04:25:30,0.474,14.520547945205477
2022-09-01 04:26:01,0.504,18.630136986301373
2022-09-01 04:26:31,0.457,12.19178082191781
2022-09-01 04:27:00,0.494,17.26027397260274
2022-09-01 04:27:31,0.458,12.328767123287674
2022-09-01 04:28:00,0.537,23.15068493150686
2022-09-01 04:28:30,0.455,11.917808219178085
2022-09-01 04:29:01,0.531,22.328767123287676
2022-09-01 04:29:31,0.479,15.205479452054792
2022-09-01 04:30:00,0.543,23.972602739726035
2022-09-01 04:30:30,0.478,15.06849315068493
2022-09-01 04:31:01,0.494,17.26027397260274
2022-09-01 04:31:30,0.462,12.876712328767127
2022-09-01 04:32:00,0.525,21.5068493150685
2022-09-01 04:32:31,0.458,12.328767123287674
2022-09-01 04:33:00,0.522,21.09589041095891
2022-09-01 04:33:30,0.465,13.287671232876717
2022-09-01 04:34:01,0.472,14.24657534246575
2022-09-01 04:34:30,0.483,15.753424657534245
2022-09-01 04:35:00,0.544,24.109589041095898
2022-09-01 04:35:31,0.457,12.19178082191781
2022-09-01 04:36:01,0.519,20.68493150684932
2022-09-01 04:36:31,0.449,11.095890410958905
2022-09-01 04:37:01,0.472,14.24657534246575
2022-09-01 04:37:31,0.451,11.369863013698632
2022-09-01 04:38:00,0.474,14.520547945205477
2022-09-01 04:38:31,0.455,11.917808219178085
2022-09-01 04:39:01,0.499,17.945205479452056
2022-09-01 04:39:30,0.455,11.917808219178085
2022-09-01 04:40:01,0.538,23.28767123287672
2022-09-01 04:40:31,0.456,12.054794520547947
2022-09-01 04:41:00,0.521,20.958904109589046
2022-09-01 04:41:31,0.462,12.876712328767127
2022-09-01 04:42:01,0.522,21.09589041095891
2022-09-01 04:42:31,0.451,11.369863013698632
2022-09-01 04:43:00,0.514,20.000000000000004
2022-09-01 04:43:31,0.456,12.054794520547947
2022-09-01 04:44:01,0.481,15.47945205479452
2022-09-01 04:44:30,0.472,14.24657534246575
2022-09-01 04:45:01,0.488,16.438356164383563
2022-09-01 04:45:31,0.459,12.465753424657537
2022-09-01 04:46:00,0.529,22.05479452054795
2022-09-01 04:46:31,0.461,12.739726027397264
2022-09-01 04:47:01,0.508,19.178082191780824
2022-09-01 04:47:30,0.471,14.109589041095887
2022-09-01 04:48:01,0.517,20.41095890410959
2022-09-01 04:48:31,0.467,13.561643835616444
2022-09-01 04:49:00,0.482,15.616438356164384
2022-09-01 04:49:30,0.455,11.917808219178085
2022-09-01 04:50:00,0.542,23.835616438356173
2022-09-01 04:50:31,0.453,11.643835616438357
2022-09-01 04:51:01,0.481,15.47945205479452
2022-09-01 04:51:30,0.469,13.835616438356162
2022-09-01 04:52:00,0.478,15.06849315068493
2022-09-01 04:52:30,0.462,12.876712328767127
2022-09-01 04:53:01,0.522,21.09589041095891
2022-09-01 04:53:30,0.458,12.328767123287674
2022-09-01 04:54:01,0.456,12.054794520547947
2022-09-01 04:54:31,0.455,11.917808219178085
2022-09-01 04:55:00,0.54,23.561643835616444
2022-09-01 04:55:31,0.457,12.19178082191781
2022-09-01 04:56:01,0.525,21.5068493150685
2022-09-01 04:56:30,0.456,12.054794520547947
2022-09-01 04:57:01,0.485,16.027397260273972
2022-09-01 04:57:31,0.464,13.150684931506852
2022-09-01 04:58:01,0.49,16.71232876712329
2022-09-01 04:58:30,0.454,11.780821917808222
2022-09-01 04:59:01,0.471,14.109589041095887
2022-09-01 04:59:31,0.479,15.205479452054792
2022-09-01 05:00:00,0.506,18.9041095890411
2022-09-01 05:00:31,0.456,12.054794520547947
2022-09-01 05:01:00,0.497,17.67123287671233
2022-09-01 05:01:31,0.451,11.369863013698632
2022-09-01 05:02:01,0.525,21.5068493150685
2022-09-01 05:02:30,0.466,13.42465753424658
2022-09-01 05:03:01,0.521,20.958904109589046
2022-09-01 05:03:31,0.46,12.602739726027401
2022-09-01 05:04:00,0.526,21.643835616438363
2022-09-01 05:04:31,0.451,11.369863013698632
2022-09-01 05:05:00,0.536,23.013698630136993
2022-09-01 05:05:30,0.457,12.19178082191781
2022-09-01 05:06:01,0.478,15.06849315068493
2022-09-01 05:06:31,0.457,12.19178082191781
2022-09-01 05:07:01,0.524,21.369863013698634
2022-09-01 05:07:31,0.476,14.794520547945204
2022-09-01 05:08:00,0.52,20.821917808219183
2022-09-01 05:08:31,0.453,11.643835616438357
2022-09-01 05:09:01,0.491,16.84931506849315
2022-09-01 05:09:30,0.469,13.835616438356162
2022-09-01 05:10:01,0.535,22.87671232876713
2022-09-01 05:10:30,0.463,13.01369863013699
2022-09-01 05:11:00,0.526,21.643835616438363
2022-09-01 05:11:31,0.456,12.054794520547947
2022-09-01 05:12:00,0.472,14.24657534246575
2022-09-01 05:12:30,0.46,12.602739726027401
2022-09-01 05:13:01,0.467,13.561643835616444
2022-09-01 05:13:30,0.464,13.150684931506852
2022-09-01 05:14:00,0.476,14.794520547945204
2022-09-01 05:14:31,0.458,12.328767123287674
2022-09-01 05:15:00,0.518,20.547945205479458
2022-09-01 05:15:31,0.46,12.602739726027401
2022-09-01 05:16:00,0.51,19.45205479452055
2022-09-01 05:16:30,0.457,12.19178082191781
2022-09-01 05:17:01,0.518,20.547945205479458
2022-09-01 05:17:31,0.494,17.26027397260274
2022-09-01 05:18:00,0.518,20.547945205479458
2022-09-01 05:18:31,0.473,14.383561643835614
2022-09-01 05:19:01,0.518,20.547945205479458
2022-09-01 05:19:30,0.468,13.698630136986306
2022-09-01 05:20:01,0.503,18.493150684931507
2022-09-01 05:20:30,0.469,13.835616438356162
2022-09-01 05:21:00,0.49,16.71232876712329
2022-09-01 05:21:31,0.456,12.054794520547947
2022-09-01 05:22:00,0.488,16.438356164383563
2022-09-01 05:22:30,0.464,13.150684931506852
2022-09-01 05:23:01,0.511,19.589041095890416
2022-09-01 05:23:31,0.453,11.643835616438357
2022-09-01 05:24:01,0.493,17.123287671232877
2022-09-01 05:24:30,0.47,13.972602739726025
2022-09-01 05:25:01,0.521,20.958904109589046
2022-09-01 05:25:30,0.459,12.465753424657537
2022-09-01 05:26:01,0.51,19.45205479452055
2022-09-01 05:26:30,0.467,13.561643835616444
2022-09-01 05:27:00,0.495,17.397260273972606
2022-09-01 05:27:31,0.46,12.602739726027401
2022-09-01 05:28:00,0.507,19.04109589041096
2022-09-01 05:28:30,0.462,12.876712328767127
2022-09-01 05:29:00,0.523,21.23287671232877
2022-09-01 05:29:31,0.46,12.602739726027401
2022-09-01 05:30:00,0.545,24.24657534246576
2022-09-01 05:30:30,0.466,13.42465753424658
2022-09-01 05:31:01,0.529,22.05479452054795
2022-09-01 05:31:31,0.471,14.109589041095887
2022-09-01 05:32:00,0.528,21.917808219178088
2022-09-01 05:32:31,0.459,12.465753424657537
2022-09-01 05:33:01,0.526,21.643835616438363
2022-09-01 05:33:30,0.46,12.602739726027401
2022-09-01 05:34:00,0.524,21.369863013698634
2022-09-01 05:34:31,0.459,12.465753424657537
2022-09-01 05:35:01,0.526,21.643835616438363
2022-09-01 05:35:30,0.457,12.19178082191781
2022-09-01 05:36:01,0.491,16.84931506849315
2022-09-01 05:36:30,0.468,13.698630136986306
2022-09-01 05:37:01,0.525,21.5068493150685
2022-09-01 05:37:31,0.459,12.465753424657537
2022-09-01 05:38:00,0.471,14.109589041095887
2022-09-01 05:38:30,0.459,12.465753424657537
2022-09-01 05:39:01,0.456,12.054794520547947
2022-09-01 05:39:31,0.459,12.465753424657537
2022-09-01 05:40:00,0.54,23.561643835616444
2022-09-01 05:40:30,0.454,11.780821917808222
2022-09-01 05:41:01,0.517,20.41095890410959
2022-09-01 05:41:30,0.474,14.520547945205477
2022-09-01 05:42:00,0.511,19.589041095890416
2022-09-01 05:42:30,0.465,13.287671232876717
2022-09-01 05:43:01,0.514,20.000000000000004
2022-09-01 05:43:31,0.465,13.287671232876717
2022-09-01 05:44:00,0.519,20.68493150684932
2022-09-01 05:44:31,0.474,14.520547945205477
2022-09-01 05:45:01,0.526,21.643835616438363
2022-09-01 05:45:30,0.467,13.561643835616444
2022-09-01 05:46:01,0.526,21.643835616438363
2022-09-01 05:46:30,0.449,11.095890410958905
2022-09-01 05:47:01,0.526,21.643835616438363
2022-09-01 05:47:30,0.468,13.698630136986306
2022-09-01 05:48:01,0.528,21.917808219178088
2022-09-01 05:48:30,0.459,12.465753424657537
2022-09-01 05:49:01,0.527,21.780821917808225
2022-09-01 05:49:31,0.459,12.465753424657537
2022-09-01 05:50:00,0.538,23.28767123287672
2022-09-01 05:50:31,0.464,13.150684931506852
2022-09-01 05:51:01,0.458,12.328767123287674
2022-09-01 05:51:30,0.456,12.054794520547947
2022-09-01 05:52:01,0.524,21.369863013698634
2022-09-01 05:52:31,0.464,13.150684931506852
2022-09-01 05:53:00,0.462,12.876712328767127
2022-09-01 05:53:31,0.449,11.095890410958905
2022-09-01 05:54:01,0.475,14.65753424657534
2022-09-01 05:54:30,0.473,14.383561643835614
2022-09-01 05:55:00,0.498,17.808219178082194
2022-09-01 05:55:31,0.466,13.42465753424658
2022-09-01 05:56:01,0.519,20.68493150684932
2022-09-01 05:56:30,0.479,15.205479452054792
2022-09-01 05:57:01,0.484,15.89041095890411
2022-09-01 05:57:31,0.457,12.19178082191781
2022-09-01 05:58:01,0.522,21.09589041095891
2022-09-01 05:58:30,0.463,13.01369863013699
2022-09-01 05:59:01,0.527,21.780821917808225
2022-09-01 05:59:31,0.455,11.917808219178085
2022-09-01 06:00:00,0.534,22.739726027397268
2022-09-01 06:00:31,0.458,12.328767123287674
2022-09-01 06:01:00,0.513,19.86301369863014
2022-09-01 06:01:31,0.458,12.328767123287674
2022-09-01 06:02:01,0.53,22.191780821917817
2022-09-01 06:02:30,0.461,12.739726027397264
2022-09-01 06:03:01,0.5,18.08219178082192
2022-09-01 06:03:31,0.462,12.876712328767127
2022-09-01 06:04:00,0.523,21.23287671232877
2022-09-01 06:04:30,0.463,13.01369863013699
2022-09-01 06:05:01,0.523,21.23287671232877
2022-09-01 06:05:31,0.464,13.150684931506852
2022-09-01 06:06:00,0.492,16.986301369863014
2022-09-01 06:06:30,0.455,11.917808219178085
2022-09-01 06:07:01,0.522,21.09589041095891
2022-09-01 06:07:31,0.458,12.328767123287674
2022-09-01 06:08:00,0.518,20.547945205479458
2022-09-01 06:08:31,0.469,13.835616438356162
2022-09-01 06:09:00,0.456,12.054794520547947
2022-09-01 06:09:31,0.458,12.328767123287674
2022-09-01 06:10:01,0.495,17.397260273972606
2022-09-01 06:10:30,0.456,12.054794520547947
2022-09-01 06:11:00,0.477,14.931506849315067
2022-09-01 06:11:31,0.452,11.506849315068495
2022-09-01 06:12:00,0.469,13.835616438356162
2022-09-01 06:12:30,0.467,13.561643835616444
2022-09-01 06:13:01,0.494,17.26027397260274
2022-09-01 06:13:30,0.483,15.753424657534245
2022-09-01 06:14:00,0.506,18.9041095890411
2022-09-01 06:14:31,0.456,12.054794520547947
2022-09-01 06:15:00,0.479,15.205479452054792
2022-09-01 06:15:31,0.466,13.42465753424658
2022-09-01 06:16:01,0.519,20.68493150684932
2022-09-01 06:16:30,0.464,13.150684931506852
2022-09-01 06:17:01,0.524,21.369863013698634
2022-09-01 06:17:31,0.453,11.643835616438357
2022-09-01 06:18:00,0.516,20.27397260273973
2022-09-01 06:18:31,0.465,13.287671232876717
2022-09-01 06:19:01,0.487,16.301369863013697
2022-09-01 06:19:30,0.468,13.698630136986306
2022-09-01 06:20:00,0.542,23.835616438356173
2022-09-01 06:20:31,0.489,16.575342465753423
2022-09-01 06:21:01,0.493,17.123287671232877
2022-09-01 06:21:30,0.471,14.109589041095887
2022-09-01 06:22:01,0.49,16.71232876712329
2022-09-01 06:22:31,0.459,12.465753424657537
2022-09-01 06:23:00,0.519,20.68493150684932
2022-09-01 06:23:31,0.457,12.19178082191781
2022-09-01 06:24:01,0.493,17.123287671232877
2022-09-01 06:24:30,0.476,14.794520547945204
2022-09-01 06:25:01,0.459,12.465753424657537
2022-09-01 06:25:31,0.458,12.328767123287674
2022-09-01 06:26:00,0.531,22.328767123287676
2022-09-01 06:26:30,0.469,13.835616438356162
2022-09-01 06:27:01,0.529,22.05479452054795
2022-09-01 06:27:31,0.463,13.01369863013699
2022-09-01 06:28:00,0.5,18.08219178082192
2022-09-01 06:28:31,0.456,12.054794520547947
2022-09-01 06:29:01,0.519,20.68493150684932
2022-09-01 06:29:30,0.456,12.054794520547947
2022-09-01 06:30:01,0.507,19.04109589041096
2022-09-01 06:30:31,0.461,12.739726027397264
2022-09-01 06:31:00,0.529,22.05479452054795
2022-09-01 06:31:31,0.457,12.19178082191781
2022-09-01 06:32:01,0.508,19.178082191780824
2022-09-01 06:32:30,0.468,13.698630136986306
2022-09-01 06:33:01,0.465,13.287671232876717
2022-09-01 06:33:31,0.451,11.369863013698632
2022-09-01 06:34:00,0.526,21.643835616438363
2022-09-01 06:34:31,0.465,13.287671232876717
2022-09-01 06:35:01,0.546,24.383561643835627
2022-09-01 06:35:30,0.461,12.739726027397264
2022-09-01 06:36:01,0.52,20.821917808219183
2022-09-01 06:36:31,0.461,12.739726027397264
2022-09-01 06:37:00,0.52,20.821917808219183
2022-09-01 06:37:30,0.458,12.328767123287674
2022-09-01 06:38:01,0.474,14.520547945205477
2022-09-01 06:38:31,0.478,15.06849315068493
2022-09-01 06:39:01,0.523,21.23287671232877
2022-09-01 06:39:30,0.457,12.19178082191781
2022-09-01 06:40:01,0.533,22.6027397260274
2022-09-01 06:40:31,0.471,14.109589041095887
2022-09-01 06:41:01,0.515,20.136986301369866
2022-09-01 06:41:30,0.474,14.520547945205477
2022-09-01 06:42:01,0.48,15.342465753424655
2022-09-01 06:42:30,0.466,13.42465753424658
2022-09-01 06:43:01,0.477,14.931506849315067
2022-09-01 06:43:30,0.455,11.917808219178085
2022-09-01 06:44:00,0.524,21.369863013698634
2022-09-01 06:44:31,0.466,13.42465753424658
2022-09-01 06:45:00,0.457,12.19178082191781
2022-09-01 06:45:30,0.459,12.465753424657537
2022-09-01 06:46:01,0.52,20.821917808219183
2022-09-01 06:46:31,0.457,12.19178082191781
2022-09-01 06:47:01,0.468,13.698630136986306
2022-09-01 06:47:30,0.454,11.780821917808222
2022-09-01 06:48:01,0.471,14.109589041095887
2022-09-01 06:48:31,0.474,14.520547945205477
2022-09-01 06:49:01,0.473,14.383561643835614
2022-09-01 06:49:31,0.46,12.602739726027401
2022-09-01 06:50:00,0.53,22.191780821917817
2022-09-01 06:50:31,0.454,11.780821917808222
2022-09-01 06:51:01,0.523,21.23287671232877
2022-09-01 06:51:31,0.453,11.643835616438357
2022-09-01 06:52:00,0.527,21.780821917808225
2022-09-01 06:52:31,0.46,12.602739726027401
2022-09-01 06:53:01,0.518,20.547945205479458
2022-09-01 06:53:31,0.457,12.19178082191781
2022-09-01 06:54:00,0.507,19.04109589041096
2022-09-01 06:54:30,0.459,12.465753424657537
2022-09-01 06:55:01,0.516,20.27397260273973
2022-09-01 06:55:30,0.466,13.42465753424658
2022-09-01 06:56:00,0.457,12.19178082191781
2022-09-01 06:56:31,0.458,12.328767123287674
2022-09-01 06:57:01,0.515,20.136986301369866
2022-09-01 06:57:30,0.457,12.19178082191781
2022-09-01 06:58:00,0.521,20.958904109589046
2022-09-01 06:58:31,0.469,13.835616438356162
2022-09-01 06:59:01,0.478,15.06849315068493
2022-09-01 06:59:30,0.47,13.972602739726025
2022-09-01 07:00:00,0.55,24.931506849315078
2022-09-01 07:00:31,0.468,13.698630136986306
2022-09-01 07:01:01,0.503,18.493150684931507
2022-09-01 07:01:30,0.468,13.698630136986306
2022-09-01 07:02:01,0.477,14.931506849315067
2022-09-01 07:02:30,0.458,12.328767123287674
2022-09-01 07:03:00,0.523,21.23287671232877
2022-09-01 07:03:31,0.454,11.780821917808222
2022-09-01 07:04:00,0.517,20.41095890410959
2022-09-01 07:04:30,0.472,14.24657534246575
2022-09-01 07:05:00,0.502,18.356164383561648
2022-09-01 07:05:31,0.465,13.287671232876717
2022-09-01 07:06:00,0.514,20.000000000000004
2022-09-01 07:06:30,0.48,15.342465753424655
2022-09-01 07:07:01,0.526,21.643835616438363
2022-09-01 07:07:30,0.454,11.780821917808222
2022-09-01 07:08:01,0.472,14.24657534246575
2022-09-01 07:08:31,0.47,13.972602739726025
2022-09-01 07:09:00,0.494,17.26027397260274
2022-09-01 07:09:31,0.462,12.876712328767127
2022-09-01 07:10:00,0.481,15.47945205479452
2022-09-01 07:10:30,0.458,12.328767123287674
2022-09-01 07:11:01,0.523,21.23287671232877
2022-09-01 07:11:30,0.474,14.520547945205477
2022-09-01 07:12:01,0.517,20.41095890410959
2022-09-01 07:12:31,0.461,12.739726027397264
2022-09-01 07:13:01,0.514,20.000000000000004
2022-09-01 07:13:30,0.474,14.520547945205477
2022-09-01 07:14:01,0.528,21.917808219178088
2022-09-01 07:14:31,0.463,13.01369863013699
2022-09-01 07:15:00,0.507,19.04109589041096
2022-09-01 07:15:31,0.455,11.917808219178085
2022-09-01 07:16:00,0.504,18.630136986301373
2022-09-01 07:16:30,0.456,12.054794520547947
2022-09-01 07:17:01,0.523,21.23287671232877
2022-09-01 07:17:30,0.465,13.287671232876717
2022-09-01 07:18:01,0.524,21.369863013698634
2022-09-01 07:18:31,0.453,11.643835616438357
2022-09-01 07:19:01,0.478,15.06849315068493
2022-09-01 07:19:30,0.477,14.931506849315067
2022-09-01 07:20:00,0.505,18.767123287671236
2022-09-01 07:20:31,0.455,11.917808219178085
2022-09-01 07:21:00,0.475,14.65753424657534
2022-09-01 07:21:30,0.455,11.917808219178085
2022-09-01 07:22:01,0.515,20.136986301369866
2022-09-01 07:22:31,0.463,13.01369863013699
2022-09-01 07:23:01,0.517,20.41095890410959
2022-09-01 07:23:30,0.454,11.780821917808222
2022-09-01 07:24:01,0.529,22.05479452054795
2022-09-01 07:24:31,0.463,13.01369863013699
2022-09-01 07:25:00,0.496,17.534246575342465
2022-09-01 07:25:30,0.459,12.465753424657537
2022-09-01 07:26:01,0.492,16.986301369863014
2022-09-01 07:26:31,0.453,11.643835616438357
2022-09-01 07:27:00,0.491,16.84931506849315
2022-09-01 07:27:31,0.456,12.054794520547947
2022-09-01 07:28:01,0.505,18.767123287671236
2022-09-01 07:28:30,0.468,13.698630136986306
2022-09-01 07:29:01,0.5,18.08219178082192
2022-09-01 07:29:31,0.456,12.054794520547947
2022-09-01 07:30:00,0.507,19.04109589041096
2022-09-01 07:30:30,0.467,13.561643835616444
2022-09-01 07:31:01,0.467,13.561643835616444
2022-09-01 07:31:31,0.468,13.698630136986306
2022-09-01 07:32:01,0.521,20.958904109589046
2022-09-01 07:32:30,0.475,14.65753424657534
2022-09-01 07:33:01,0.478,15.06849315068493
2022-09-01 07:33:31,0.466,13.42465753424658
2022-09-01 07:34:00,0.486,16.164383561643834
2022-09-01 07:34:31,0.471,14.109589041095887
2022-09-01 07:35:00,0.48,15.342465753424655
2022-09-01 07:35:31,0.46,12.602739726027401
2022-09-01 07:36:00,0.491,16.84931506849315
2022-09-01 07:36:30,0.476,14.794520547945204
2022-09-01 07:37:01,0.493,17.123287671232877
2022-09-01 07:37:31,0.466,13.42465753424658
2022-09-01 07:38:01,0.517,20.41095890410959
2022-09-01 07:38:31,0.447,10.82191780821918
2022-09-01 07:39:01,0.519,20.68493150684932
2022-09-01 07:39:30,0.454,11.780821917808222
2022-09-01 07:40:01,0.527,21.780821917808225
2022-09-01 07:40:31,0.454,11.780821917808222
2022-09-01 07:41:00,0.516,20.27397260273973
2022-09-01 07:41:30,0.462,12.876712328767127
2022-09-01 07:42:01,0.519,20.68493150684932
2022-09-01 07:42:31,0.464,13.150684931506852
2022-09-01 07:43:00,0.502,18.356164383561648
2022-09-01 07:43:31,0.456,12.054794520547947
2022-09-01 07:44:01,0.472,14.24657534246575
2022-09-01 07:44:30,0.45,11.232876712328768
2022-09-01 07:45:01,0.555,25.616438356164394
2022-09-01 07:45:31,0.453,11.643835616438357
2022-09-01 07:46:00,0.474,14.520547945205477
2022-09-01 07:46:30,0.462,12.876712328767127
2022-09-01 07:47:01,0.521,20.958904109589046
2022-09-01 07:47:31,0.456,12.054794520547947
2022-09-01 07:48:00,0.502,18.356164383561648
2022-09-01 07:48:31,0.474,14.520547945205477
2022-09-01 07:49:00,0.511,19.589041095890416
2022-09-01 07:49:30,0.456,12.054794520547947
2022-09-01 07:50:01,0.49,16.71232876712329
2022-09-01 07:50:30,0.479,15.205479452054792
2022-09-01 07:51:00,0.518,20.547945205479458
2022-09-01 07:51:30,0.48,15.342465753424655
2022-09-01 07:52:01,0.529,22.05479452054795
2022-09-01 07:52:31,0.47,13.972602739726025
2022-09-01 07:53:00,0.48,15.342465753424655
2022-09-01 07:53:30,0.459,12.465753424657537
2022-09-01 07:54:01,0.528,21.917808219178088
2022-09-01 07:54:31,0.476,14.794520547945204
2022-09-01 07:55:00,0.546,24.383561643835627
2022-09-01 07:55:30,0.459,12.465753424657537
2022-09-01 07:56:01,0.528,21.917808219178088
2022-09-01 07:56:30,0.457,12.19178082191781
2022-09-01 07:57:01,0.515,20.136986301369866
2022-09-01 07:57:31,0.46,12.602739726027401
2022-09-01 07:58:00,0.463,13.01369863013699
2022-09-01 07:58:30,0.478,15.06849315068493
2022-09-01 07:59:00,0.517,20.41095890410959
2022-09-01 07:59:30,0.477,14.931506849315067
2022-09-01 08:00:01,0.504,18.630136986301373
2022-09-01 08:00:31,0.453,11.643835616438357
2022-09-01 08:01:01,0.517,20.41095890410959
2022-09-01 08:01:31,0.456,12.054794520547947
2022-09-01 08:02:00,0.508,19.178082191780824
2022-09-01 08:02:30,0.461,12.739726027397264
2022-09-01 08:03:01,0.488,16.438356164383563
2022-09-01 08:03:31,0.469,13.835616438356162
2022-09-01 08:04:00,0.518,20.547945205479458
2022-09-01 08:04:31,0.467,13.561643835616444
2022-09-01 08:05:00,0.551,25.06849315068494
2022-09-01 08:05:31,0.465,13.287671232876717
2022-09-01 08:06:01,0.524,21.369863013698634
2022-09-01 08:06:30,0.463,13.01369863013699
2022-09-01 08:07:01,0.504,18.630136986301373
2022-09-01 08:07:31,0.46,12.602739726027401
2022-09-01 08:08:00,0.485,16.027397260273972
2022-09-01 08:08:31,0.458,12.328767123287674
2022-09-01 08:09:00,0.463,13.01369863013699
2022-09-01 08:09:30,0.463,13.01369863013699
2022-09-01 08:10:00,0.487,16.301369863013697
2022-09-01 08:10:31,0.462,12.876712328767127
2022-09-01 08:11:00,0.467,13.561643835616444
2022-09-01 08:11:30,0.473,14.383561643835614
2022-09-01 08:12:01,0.533,22.6027397260274
2022-09-01 08:12:30,0.466,13.42465753424658
2022-09-01 08:13:00,0.477,14.931506849315067
2022-09-01 08:13:31,0.457,12.19178082191781
2022-09-01 08:14:00,0.529,22.05479452054795
2022-09-01 08:14:31,0.458,12.328767123287674
2022-09-01 08:15:01,0.528,21.917808219178088
2022-09-01 08:15:30,0.476,14.794520547945204
2022-09-01 08:16:01,0.478,15.06849315068493
2022-09-01 08:16:31,0.462,12.876712328767127
2022-09-01 08:17:01,0.476,14.794520547945204
2022-09-01 08:17:30,0.458,12.328767123287674
2022-09-01 08:18:01,0.52,20.821917808219183
2022-09-01 08:18:31,0.455,11.917808219178085
2022-09-01 08:19:00,0.473,14.383561643835614
2022-09-01 08:19:30,0.48,15.342465753424655
2022-09-01 08:20:01,0.507,19.04109589041096
2022-09-01 08:20:30,0.449,11.095890410958905
2022-09-01 08:21:01,0.473,14.383561643835614
2022-09-01 08:21:30,0.452,11.506849315068495
2022-09-01 08:22:01,0.516,20.27397260273973
2022-09-01 08:22:30,0.455,11.917808219178085
2022-09-01 08:23:01,0.516,20.27397260273973
2022-09-01 08:23:30,0.46,12.602739726027401
2022-09-01 08:24:01,0.514,20.000000000000004
2022-09-01 08:24:31,0.453,11.643835616438357
2022-09-01 08:25:01,0.53,22.191780821917817
2022-09-01 08:25:30,0.456,12.054794520547947
2022-09-01 08:26:01,0.532,22.465753424657542
2022-09-01 08:26:31,0.472,14.24657534246575
2022-09-01 08:27:01,0.504,18.630136986301373
2022-09-01 08:27:30,0.464,13.150684931506852
2022-09-01 08:28:01,0.494,17.26027397260274
2022-09-01 08:28:31,0.451,11.369863013698632
2022-09-01 08:29:00,0.491,16.84931506849315
2022-09-01 08:29:31,0.458,12.328767123287674
2022-09-01 08:30:01,0.532,22.465753424657542
2022-09-01 08:30:30,0.472,14.24657534246575
2022-09-01 08:31:01,0.506,18.9041095890411
2022-09-01 08:31:31,0.453,11.643835616438357
2022-09-01 08:32:00,0.524,21.369863013698634
2022-09-01 08:32:30,0.468,13.698630136986306
2022-09-01 08:33:00,0.526,21.643835616438363
2022-09-01 08:33:31,0.465,13.287671232876717
2022-09-01 08:34:01,0.523,21.23287671232877
2022-09-01 08:34:31,0.47,13.972602739726025
2022-09-01 08:35:00,0.51,19.45205479452055
2022-09-01 08:35:30,0.469,13.835616438356162
2022-09-01 08:36:01,0.521,20.958904109589046
2022-09-01 08:36:31,0.465,13.287671232876717
2022-09-01 08:37:00,0.53,22.191780821917817
2022-09-01 08:37:31,0.459,12.465753424657537
2022-09-01 08:38:01,0.515,20.136986301369866
2022-09-01 08:38:31,0.458,12.328767123287674
2022-09-01 08:39:00,0.517,20.41095890410959
2022-09-01 08:39:31,0.458,12.328767123287674
2022-09-01 08:40:00,0.534,22.739726027397268
2022-09-01 08:40:30,0.474,14.520547945205477
2022-09-01 08:41:01,0.526,21.643835616438363
2022-09-01 08:41:30,0.453,11.643835616438357
2022-09-01 08:42:00,0.509,19.31506849315069
2022-09-01 08:42:31,0.452,11.506849315068495
2022-09-01 08:43:00,0.488,16.438356164383563
2022-09-01 08:43:31,0.467,13.561643835616444
2022-09-01 08:44:00,0.499,17.945205479452056
2022-09-01 08:44:31,0.477,14.931506849315067
2022-09-01 08:45:01,0.525,21.5068493150685
2022-09-01 08:45:31,0.469,13.835616438356162
2022-09-01 08:46:01,0.483,15.753424657534245
2022-09-01 08:46:31,0.471,14.109589041095887
2022-09-01 08:47:01,0.509,19.31506849315069
2022-09-01 08:47:30,0.473,14.383561643835614
2022-09-01 08:48:01,0.52,20.821917808219183
2022-09-01 08:48:31,0.452,11.506849315068495
2022-09-01 08:49:00,0.453,11.643835616438357
2022-09-01 08:49:31,0.471,14.109589041095887
2022-09-01 08:50:01,0.53,22.191780821917817
2022-09-01 08:50:30,0.455,11.917808219178085
2022-09-01 08:51:01,0.525,21.5068493150685
2022-09-01 08:51:31,0.47,13.972602739726025
2022-09-01 08:52:01,0.511,19.589041095890416
2022-09-01 08:52:30,0.476,14.794520547945204
2022-09-01 08:53:01,0.519,20.68493150684932
2022-09-01 08:53:31,0.464,13.150684931506852
2022-09-01 08:54:01,0.528,21.917808219178088
2022-09-01 08:54:30,0.463,13.01369863013699
2022-09-01 08:55:01,0.529,22.05479452054795
2022-09-01 08:55:31,0.469,13.835616438356162
2022-09-01 08:56:00,0.526,21.643835616438363
2022-09-01 08:56:31,0.477,14.931506849315067
2022-09-01 08:57:01,0.519,20.68493150684932
2022-09-01 08:57:30,0.471,14.109589041095887
2022-09-01 08:58:01,0.463,13.01369863013699
2022-09-01 08:58:31,0.452,11.506849315068495
2022-09-01 08:59:00,0.471,14.109589041095887
2022-09-01 08:59:30,0.456,12.054794520547947
2022-09-01 09:00:01,0.491,16.84931506849315
2022-09-01 09:00:31,0.469,13.835616438356162
2022-09-01 09:01:00,0.53,22.191780821917817
2022-09-01 09:01:30,0.454,11.780821917808222
2022-09-01 09:02:00,0.486,16.164383561643834
2022-09-01 09:02:30,0.485,16.027397260273972
2022-09-01 09:03:01,0.523,21.23287671232877
2022-09-01 09:03:30,0.464,13.150684931506852
2022-09-01 09:04:00,0.513,19.86301369863014
2022-09-01 09:04:31,0.457,12.19178082191781
2022-09-01 09:05:00,0.522,21.09589041095891
2022-09-01 09:05:31,0.456,12.054794520547947
2022-09-01 09:06:00,0.522,21.09589041095891
2022-09-01 09:06:31,0.457,12.19178082191781
2022-09-01 09:07:01,0.526,21.643835616438363
2022-09-01 09:07:30,0.453,11.643835616438357
2022-09-01 09:08:00,0.529,22.05479452054795
2022-09-01 09:08:31,0.456,12.054794520547947
2022-09-01 09:09:00,0.516,20.27397260273973
2022-09-01 09:09:30,0.467,13.561643835616444
2022-09-01 09:10:01,0.512,19.726027397260278
2022-09-01 09:10:31,0.478,15.06849315068493
2022-09-01 09:11:00,0.518,20.547945205479458
2022-09-01 09:11:31,0.456,12.054794520547947
2022-09-01 09:12:01,0.474,14.520547945205477
2022-09-01 09:12:31,0.471,14.109589041095887
2022-09-01 09:13:01,0.48,15.342465753424655
2022-09-01 09:13:31,0.459,12.465753424657537
2022-09-01 09:14:00,0.513,19.86301369863014
2022-09-01 09:14:31,0.469,13.835616438356162
2022-09-01 09:15:01,0.544,24.109589041095898
2022-09-01 09:15:30,0.467,13.561643835616444
2022-09-01 09:16:01,0.516,20.27397260273973
2022-09-01 09:16:30,0.466,13.42465753424658
2022-09-01 09:17:01,0.493,17.123287671232877
2022-09-01 09:17:30,0.454,11.780821917808222
2022-09-01 09:18:00,0.487,16.301369863013697
2022-09-01 09:18:31,0.467,13.561643835616444
2022-09-01 09:19:00,0.521,20.958904109589046
2022-09-01 09:19:30,0.453,11.643835616438357
2022-09-01 09:20:01,0.52,20.821917808219183
2022-09-01 09:20:30,0.473,14.383561643835614
2022-09-01 09:21:00,0.498,17.808219178082194
2022-09-01 09:21:31,0.47,13.972602739726025
2022-09-01 09:22:00,0.441,10.0
2022-09-01 09:22:30,0.464,13.150684931506852
2022-09-01 09:23:01,0.484,15.89041095890411
2022-09-01 09:23:30,0.472,14.24657534246575
2022-09-01 09:24:01,0.52,20.821917808219183
2022-09-01 09:24:31,0.457,12.19178082191781
2022-09-01 09:25:00,0.505,18.767123287671236
2022-09-01 09:25:30,0.458,12.328767123287674
2022-09-01 09:26:01,0.515,20.136986301369866
2022-09-01 09:26:30,0.458,12.328767123287674
2022-09-01 09:27:01,0.492,16.986301369863014
2022-09-01 09:27:30,0.459,12.465753424657537
2022-09-01 09:28:01,0.49,16.71232876712329
2022-09-01 09:28:30,0.481,15.47945205479452
2022-09-01 09:29:01,0.489,16.575342465753423
2022-09-01 09:29:31,0.459,12.465753424657537
2022-09-01 09:30:00,0.526,21.643835616438363
2022-09-01 09:30:31,0.463,13.01369863013699
2022-09-01 09:31:01,0.504,18.630136986301373
2022-09-01 09:31:31,0.457,12.19178082191781
2022-09-01 09:32:00,0.518,20.547945205479458
2022-09-01 09:32:31,0.469,13.835616438356162
2022-09-01 09:33:01,0.523,21.23287671232877
2022-09-01 09:33:30,0.461,12.739726027397264
2022-09-01 09:34:01,0.496,17.534246575342465
2022-09-01 09:34:31,0.456,12.054794520547947
2022-09-01 09:35:00,0.53,22.191780821917817
2022-09-01 09:35:31,0.471,14.109589041095887
2022-09-01 09:36:00,0.454,11.780821917808222
2022-09-01 09:36:30,0.468,13.698630136986306
2022-09-01 09:37:01,0.519,20.68493150684932
2022-09-01 09:37:30,0.462,12.876712328767127
2022-09-01 09:38:01,0.525,21.5068493150685
2022-09-01 09:38:30,0.464,13.150684931506852
2022-09-01 09:39:01,0.515,20.136986301369866
2022-09-01 09:39:31,0.462,12.876712328767127
2022-09-01 09:40:00,0.535,22.87671232876713
2022-09-01 09:40:31,0.458,12.328767123287674
2022-09-01 09:41:00,0.509,19.31506849315069
2022-09-01 09:41:31,0.465,13.287671232876717
2022-09-01 09:42:01,0.46,12.602739726027401
2022-09-01 09:42:30,0.46,12.602739726027401
2022-09-01 09:43:01,0.527,21.780821917808225
2022-09-01 09:43:31,0.473,14.383561643835614
2022-09-01 09:44:00,0.457,12.19178082191781
2022-09-01 09:44:31,0.47,13.972602739726025
2022-09-01 09:45:00,0.502,18.356164383561648
2022-09-01 09:45:31,0.452,11.506849315068495
2022-09-01 09:46:01,0.479,15.205479452054792
2022-09-01 09:46:30,0.447,10.82191780821918
2022-09-01 09:47:01,0.522,21.09589041095891
2022-09-01 09:47:31,0.458,12.328767123287674
2022-09-01 09:48:00,0.499,17.945205479452056
2022-09-01 09:48:31,0.463,13.01369863013699
2022-09-01 09:49:00,0.523,21.23287671232877
2022-09-01 09:49:31,0.458,12.328767123287674
2022-09-01 09:50:00,0.533,22.6027397260274
2022-09-01 09:50:31,0.459,12.465753424657537
2022-09-01 09:51:00,0.501,18.21917808219178
2022-09-01 09:51:31,0.456,12.054794520547947
2022-09-01 09:52:00,0.523,21.23287671232877
2022-09-01 09:52:31,0.472,14.24657534246575
2022-09-01 09:53:01,0.526,21.643835616438363
2022-09-01 09:53:30,0.476,14.794520547945204
2022-09-01 09:54:01,0.472,14.24657534246575
2022-09-01 09:54:31,0.477,14.931506849315067
2022-09-01 09:55:00,0.532,22.465753424657542
2022-09-01 09:55:30,0.458,12.328767123287674
2022-09-01 09:56:01,0.503,18.493150684931507
2022-09-01 09:56:30,0.478,15.06849315068493
2022-09-01 09:57:00,0.479,15.205479452054792
2022-09-01 09:57:31,0.463,13.01369863013699
2022-09-01 09:58:00,0.516,20.27397260273973
2022-09-01 09:58:31,0.468,13.698630136986306
2022-09-01 09:59:01,0.497,17.67123287671233
2022-09-01 09:59:31,0.452,11.506849315068495
2022-09-01 10:00:00,0.532,22.465753424657542
2022-09-01 10:00:31,0.471,14.109589041095887
2022-09-01 10:01:01,0.521,20.958904109589046
2022-09-01 10:01:31,0.462,12.876712328767127
2022-09-01 10:02:00,0.536,23.013698630136993
2022-09-01 10:02:30,0.454,11.780821917808222
2022-09-01 10:03:01,0.504,18.630136986301373
2022-09-01 10:03:30,0.455,11.917808219178085
2022-09-01 10:04:01,0.513,19.86301369863014
2022-09-01 10:04:30,0.47,13.972602739726025
2022-09-01 10:05:01,0.535,22.87671232876713
2022-09-01 10:05:30,0.451,11.369863013698632
2022-09-01 10:06:00,0.521,20.958904109589046
2022-09-01 10:06:31,0.455,11.917808219178085
2022-09-01 10:07:00,0.519,20.68493150684932
2022-09-01 10:07:31,0.474,14.520547945205477
2022-09-01 10:08:01,0.516,20.27397260273973
2022-09-01 10:08:30,0.456,12.054794520547947
2022-09-01 10:09:01,0.471,14.109589041095887
2022-09-01 10:09:30,0.473,14.383561643835614
2022-09-01 10:10:01,0.549,24.794520547945215
2022-09-01 10:10:30,0.459,12.465753424657537
2022-09-01 10:11:00,0.504,18.630136986301373
2022-09-01 10:11:31,0.455,11.917808219178085
2022-09-01 10:12:01,0.504,18.630136986301373
2022-09-01 10:12:30,0.466,13.42465753424658
2022-09-01 10:13:00,0.522,21.09589041095891
2022-09-01 10:13:31,0.473,14.383561643835614
2022-09-01 10:14:00,0.526,21.643835616438363
2022-09-01 10:14:31,0.463,13.01369863013699
2022-09-01 10:15:00,0.539,23.424657534246585
2022-09-01 10:15:31,0.476,14.794520547945204
2022-09-01 10:16:00,0.514,20.000000000000004
2022-09-01 10:16:31,0.463,13.01369863013699
2022-09-01 10:17:01,0.488,16.438356164383563
2022-09-01 10:17:30,0.456,12.054794520547947
2022-09-01 10:18:01,0.477,14.931506849315067
2022-09-01 10:18:30,0.459,12.465753424657537
2022-09-01 10:19:00,0.475,14.65753424657534
2022-09-01 10:19:31,0.456,12.054794520547947
2022-09-01 10:20:00,0.516,20.27397260273973
2022-09-01 10:20:31,0.459,12.465753424657537
2022-09-01 10:21:01,0.479,15.205479452054792
2022-09-01 10:21:30,0.48,15.342465753424655
2022-09-01 10:22:01,0.51,19.45205479452055
2022-09-01 10:22:31,0.459,12.465753424657537
2022-09-01 10:23:01,0.519,20.68493150684932
2022-09-01 10:23:30,0.458,12.328767123287674
2022-09-01 10:24:01,0.505,18.767123287671236
2022-09-01 10:24:31,0.463,13.01369863013699
2022-09-01 10:25:00,0.534,22.739726027397268
2022-09-01 10:25:31,0.469,13.835616438356162
2022-09-01 10:26:01,0.527,21.780821917808225
2022-09-01 10:26:31,0.462,12.876712328767127
2022-09-01 10:27:00,0.527,21.780821917808225
2022-09-01 10:27:31,0.476,14.794520547945204
2022-09-01 10:28:01,0.533,22.6027397260274
2022-09-01 10:28:30,0.477,14.931506849315067
2022-09-01 10:29:00,0.528,21.917808219178088
2022-09-01 10:29:31,0.464,13.150684931506852
2022-09-01 10:30:00,0.533,22.6027397260274
2022-09-01 10:30:31,0.468,13.698630136986306
2022-09-01 10:31:01,0.514,20.000000000000004
2022-09-01 10:31:30,0.462,12.876712328767127
2022-09-01 10:32:01,0.5,18.08219178082192
2022-09-01 10:32:31,0.46,12.602739726027401
2022-09-01 10:33:01,0.519,20.68493150684932
2022-09-01 10:33:30,0.481,15.47945205479452
2022-09-01 10:34:01,0.523,21.23287671232877
2022-09-01 10:34:31,0.464,13.150684931506852
2022-09-01 10:35:00,0.514,20.000000000000004
2022-09-01 10:35:31,0.473,14.383561643835614
2022-09-01 10:36:00,0.457,12.19178082191781
2022-09-01 10:36:30,0.454,11.780821917808222
2022-09-01 10:37:01,0.471,14.109589041095887
2022-09-01 10:37:30,0.458,12.328767123287674
2022-09-01 10:38:01,0.52,20.821917808219183
2022-09-01 10:38:31,0.466,13.42465753424658
2022-09-01 10:39:00,0.517,20.41095890410959
2022-09-01 10:39:31,0.455,11.917808219178085
2022-09-01 10:40:00,0.496,17.534246575342465
2022-09-01 10:40:30,0.459,12.465753424657537
2022-09-01 10:41:01,0.52,20.821917808219183
2022-09-01 10:41:31,0.482,15.616438356164384
2022-09-01 10:42:00,0.519,20.68493150684932
2022-09-01 10:42:31,0.46,12.602739726027401
2022-09-01 10:43:01,0.485,16.027397260273972
2022-09-01 10:43:31,0.455,11.917808219178085
2022-09-01 10:44:01,0.517,20.41095890410959
2022-09-01 10:44:30,0.458,12.328767123287674
2022-09-01 10:45:00,0.535,22.87671232876713
2022-09-01 10:45:31,0.465,13.287671232876717
2022-09-01 10:46:00,0.487,16.301369863013697
2022-09-01 10:46:30,0.456,12.054794520547947
2022-09-01 10:47:01,0.523,21.23287671232877
2022-09-01 10:47:31,0.47,13.972602739726025
2022-09-01 10:48:00,0.508,19.178082191780824
2022-09-01 10:48:31,0.47,13.972602739726025
2022-09-01 10:49:00,0.512,19.726027397260278
2022-09-01 10:49:31,0.47,13.972602739726025
2022-09-01 10:50:01,0.544,24.109589041095898
2022-09-01 10:50:30,0.462,12.876712328767127
2022-09-01 10:51:01,0.492,16.986301369863014
2022-09-01 10:51:31,0.455,11.917808219178085
2022-09-01 10:52:00,0.494,17.26027397260274
2022-09-01 10:52:31,0.46,12.602739726027401
2022-09-01 10:53:01,0.519,20.68493150684932
2022-09-01 10:53:30,0.454,11.780821917808222
2022-09-01 10:54:00,0.496,17.534246575342465
2022-09-01 10:54:30,0.465,13.287671232876717
2022-09-01 10:55:00,0.516,20.27397260273973
2022-09-01 10:55:31,0.467,13.561643835616444
2022-09-01 10:56:01,0.526,21.643835616438363
2022-09-01 10:56:30,0.489,16.575342465753423
2022-09-01 10:57:01,0.528,21.917808219178088
2022-09-01 10:57:31,0.478,15.06849315068493
2022-09-01 10:58:00,0.526,21.643835616438363
2022-09-01 10:58:31,0.486,16.164383561643834
2022-09-01 10:59:01,0.504,18.630136986301373
2022-09-01 10:59:30,0.457,12.19178082191781
2022-09-01 11:00:00,0.514,20.000000000000004
2022-09-01 11:00:31,0.48,15.342465753424655
2022-09-01 11:01:01,0.47,13.972602739726025
2022-09-01 11:01:30,0.477,14.931506849315067
2022-09-01 11:02:01,0.536,23.013698630136993
2022-09-01 11:02:31,0.48,15.342465753424655
2022-09-01 11:03:00,0.526,21.643835616438363
2022-09-01 11:03:31,0.473,14.383561643835614
2022-09-01 11:04:01,0.529,22.05479452054795
2022-09-01 11:04:30,0.467,13.561643835616444
2022-09-01 11:05:01,0.517,20.41095890410959
2022-09-01 11:05:30,0.456,12.054794520547947
2022-09-01 11:06:01,0.52,20.821917808219183
2022-09-01 11:06:30,0.489,16.575342465753423
2022-09-01 11:07:01,0.479,15.205479452054792
2022-09-01 11:07:30,0.471,14.109589041095887
2022-09-01 11:08:00,0.483,15.753424657534245
2022-09-01 11:08:31,0.477,14.931506849315067
2022-09-01 11:09:00,0.494,17.26027397260274
2022-09-01 11:09:30,0.458,12.328767123287674
2022-09-01 11:10:01,0.517,20.41095890410959
2022-09-01 11:10:30,0.461,12.739726027397264
2022-09-01 11:11:00,0.504,18.630136986301373
2022-09-01 11:11:30,0.474,14.520547945205477
2022-09-01 11:12:00,0.509,19.31506849315069
2022-09-01 11:12:31,0.474,14.520547945205477
2022-09-01 11:13:00,0.525,21.5068493150685
2022-09-01 11:13:30,0.471,14.109589041095887
2022-09-01 11:14:01,0.493,17.123287671232877
2022-09-01 11:14:30,0.472,14.24657534246575
2022-09-01 11:15:00,0.538,23.28767123287672
2022-09-01 11:15:31,0.466,13.42465753424658
2022-09-01 11:16:01,0.526,21.643835616438363
2022-09-01 11:16:31,0.48,15.342465753424655
2022-09-01 11:17:00,0.499,17.945205479452056
2022-09-01 11:17:31,0.456,12.054794520547947
2022-09-01 11:18:00,0.525,21.5068493150685
2022-09-01 11:18:30,0.456,12.054794520547947
2022-09-01 11:19:01,0.475,14.65753424657534
2022-09-01 11:19:31,0.468,13.698630136986306
2022-09-01 11:20:00,0.518,20.547945205479458
2022-09-01 11:20:31,0.46,12.602739726027401
2022-09-01 11:21:00,0.523,21.23287671232877
2022-09-01 11:21:31,0.468,13.698630136986306
2022-09-01 11:22:01,0.476,14.794520547945204
2022-09-01 11:22:30,0.453,11.643835616438357
2022-09-01 11:23:01,0.522,21.09589041095891
2022-09-01 11:23:31,0.452,11.506849315068495
2022-09-01 11:24:00,0.48,15.342465753424655
2022-09-01 11:24:31,0.452,11.506849315068495
2022-09-01 11:25:01,0.52,20.821917808219183
2022-09-01 11:25:30,0.458,12.328767123287674
2022-09-01 11:26:00,0.476,14.794520547945204
2022-09-01 11:26:31,0.461,12.739726027397264
2022-09-01 11:27:00,0.495,17.397260273972606
2022-09-01 11:27:31,0.464,13.150684931506852
2022-09-01 11:28:00,0.518,20.547945205479458
2022-09-01 11:28:31,0.488,16.438356164383563
2022-09-01 11:29:01,0.521,20.958904109589046
2022-09-01 11:29:30,0.468,13.698630136986306
2022-09-01 11:30:00,0.534,22.739726027397268
2022-09-01 11:30:31,0.469,13.835616438356162
2022-09-01 11:31:01,0.505,18.767123287671236
2022-09-01 11:31:30,0.481,15.47945205479452
2022-09-01 11:32:00,0.531,22.328767123287676
2022-09-01 11:32:31,0.461,12.739726027397264
2022-09-01 11:33:00,0.507,19.04109589041096
2022-09-01 11:33:30,0.472,14.24657534246575
2022-09-01 11:34:01,0.486,16.164383561643834
2022-09-01 11:34:31,0.472,14.24657534246575
2022-09-01 11:35:00,0.531,22.328767123287676
2022-09-01 11:35:31,0.458,12.328767123287674
2022-09-01 11:36:01,0.52,20.821917808219183
2022-09-01 11:36:30,0.469,13.835616438356162
2022-09-01 11:37:01,0.512,19.726027397260278
2022-09-01 11:37:31,0.461,12.739726027397264
2022-09-01 11:38:00,0.471,14.109589041095887
2022-09-01 11:38:30,0.481,15.47945205479452
2022-09-01 11:39:01,0.529,22.05479452054795
2022-09-01 11:39:30,0.472,14.24657534246575
2022-09-01 11:40:00,0.529,22.05479452054795
2022-09-01 11:40:31,0.462,12.876712328767127
2022-09-01 11:41:00,0.516,20.27397260273973
2022-09-01 11:41:31,0.474,14.520547945205477
2022-09-01 11:42:00,0.497,17.67123287671233
2022-09-01 11:42:31,0.455,11.917808219178085
2022-09-01 11:43:00,0.519,20.68493150684932
2022-09-01 11:43:31,0.478,15.06849315068493
2022-09-01 11:44:01,0.485,16.027397260273972
2022-09-01 11:44:34,0.454,11.780821917808222
2022-09-01 11:45:01,0.546,24.383561643835627
2022-09-01 11:45:30,0.468,13.698630136986306
2022-09-01 11:46:01,0.512,19.726027397260278
2022-09-01 11:46:30,0.479,15.205479452054792
2022-09-01 11:47:00,0.496,17.534246575342465
2022-09-01 11:47:31,0.477,14.931506849315067
2022-09-01 11:48:01,0.529,22.05479452054795
2022-09-01 11:48:30,0.472,14.24657534246575
2022-09-01 11:49:01,0.533,22.6027397260274
2022-09-01 11:49:30,0.485,16.027397260273972
2022-09-01 11:50:00,0.526,21.643835616438363
2022-09-01 11:50:31,0.461,12.739726027397264
2022-09-01 11:51:00,0.516,20.27397260273973
2022-09-01 11:51:30,0.471,14.109589041095887
2022-09-01 11:52:01,0.499,17.945205479452056
2022-09-01 11:52:30,0.462,12.876712328767127
2022-09-01 11:53:01,0.525,21.5068493150685
2022-09-01 11:53:31,0.458,12.328767123287674
2022-09-01 11:54:01,0.478,15.06849315068493
2022-09-01 11:54:30,0.472,14.24657534246575
2022-09-01 11:55:00,0.508,19.178082191780824
2022-09-01 11:55:30,0.462,12.876712328767127
2022-09-01 11:56:00,0.48,15.342465753424655
2022-09-01 11:56:31,0.468,13.698630136986306
2022-09-01 11:57:00,0.524,21.369863013698634
2022-09-01 11:57:30,0.45,11.232876712328768
2022-09-01 11:58:01,0.51,19.45205479452055
2022-09-01 11:58:31,0.471,14.109589041095887
2022-09-01 11:59:01,0.52,20.821917808219183
2022-09-01 11:59:31,0.467,13.561643835616444
2022-09-01 12:00:01,0.538,23.28767123287672
2022-09-01 12:00:31,0.475,14.65753424657534
2022-09-01 12:01:04,0.495,17.397260273972606
2022-09-01 12:01:34,0.476,14.794520547945204
2022-09-01 12:02:00,0.515,20.136986301369866
2022-09-01 12:02:31,0.467,13.561643835616444
2022-09-01 12:03:00,0.515,20.136986301369866
2022-09-01 12:03:30,0.466,13.42465753424658
2022-09-01 12:04:00,0.501,18.21917808219178
2022-09-01 12:04:31,0.478,15.06849315068493
2022-09-01 12:05:00,0.546,24.383561643835627
2022-09-01 12:05:31,0.461,12.739726027397264
2022-09-01 12:06:01,0.498,17.808219178082194
2022-09-01 12:06:30,0.456,12.054794520547947
2022-09-01 12:07:00,0.541,23.69863013698631
2022-09-01 12:07:31,0.475,14.65753424657534
2022-09-01 12:08:01,0.533,22.6027397260274
2022-09-01 12:08:30,0.469,13.835616438356162
2022-09-01 12:09:00,0.523,21.23287671232877
2022-09-01 12:09:31,0.462,12.876712328767127
2022-09-01 12:10:00,0.522,21.09589041095891
2022-09-01 12:10:30,0.476,14.794520547945204
2022-09-01 12:11:01,0.525,21.5068493150685
2022-09-01 12:11:30,0.472,14.24657534246575
2022-09-01 12:12:00,0.478,15.06849315068493
2022-09-01 12:12:31,0.469,13.835616438356162
2022-09-01 12:13:01,0.479,15.205479452054792
2022-09-01 12:13:30,0.469,13.835616438356162
2022-09-01 12:14:01,0.474,14.520547945205477
2022-09-01 12:14:31,0.484,15.89041095890411
2022-09-01 12:15:00,0.536,23.013698630136993
2022-09-01 12:15:30,0.48,15.342465753424655
2022-09-01 12:16:01,0.526,21.643835616438363
2022-09-01 12:16:30,0.456,12.054794520547947
2022-09-01 12:17:00,0.525,21.5068493150685
2022-09-01 12:17:31,0.456,12.054794520547947
2022-09-01 12:18:00,0.527,21.780821917808225
2022-09-01 12:18:31,0.452,11.506849315068495
2022-09-01 12:19:01,0.497,17.67123287671233
2022-09-01 12:19:30,0.473,14.383561643835614
2022-09-01 12:20:01,0.545,24.24657534246576
2022-09-01 12:20:31,0.476,14.794520547945204
2022-09-01 12:21:00,0.533,22.6027397260274
2022-09-01 12:21:30,0.468,13.698630136986306
2022-09-01 12:22:01,0.525,21.5068493150685
2022-09-01 12:22:30,0.456,12.054794520547947
2022-09-01 12:23:01,0.489,16.575342465753423
2022-09-01 12:23:30,0.475,14.65753424657534
2022-09-01 12:24:00,0.513,19.86301369863014
2022-09-01 12:24:31,0.466,13.42465753424658
2022-09-01 12:25:00,0.545,24.24657534246576
2022-09-01 12:25:31,0.468,13.698630136986306
2022-09-01 12:26:01,0.516,20.27397260273973
2022-09-01 12:26:30,0.46,12.602739726027401
2022-09-01 12:27:00,0.522,21.09589041095891
2022-09-01 12:27:31,0.474,14.520547945205477
2022-09-01 12:28:00,0.516,20.27397260273973
2022-09-01 12:28:30,0.453,11.643835616438357
2022-09-01 12:29:01,0.52,20.821917808219183
2022-09-01 12:29:31,0.473,14.383561643835614
2022-09-01 12:30:00,0.538,23.28767123287672
2022-09-01 12:30:30,0.47,13.972602739726025
2022-09-01 12:31:01,0.52,20.821917808219183
2022-09-01 12:31:30,0.451,11.369863013698632
2022-09-01 12:32:00,0.522,21.09589041095891
2022-09-01 12:32:31,0.472,14.24657534246575
2022-09-01 12:33:01,0.515,20.136986301369866
2022-09-01 12:33:30,0.472,14.24657534246575
2022-09-01 12:34:01,0.481,15.47945205479452
2022-09-01 12:34:30,0.449,11.095890410958905
2022-09-01 12:35:01,0.532,22.465753424657542
2022-09-01 12:35:31,0.476,14.794520547945204
2022-09-01 12:36:01,0.504,18.630136986301373
2022-09-01 12:36:30,0.466,13.42465753424658
2022-09-01 12:37:00,0.515,20.136986301369866
2022-09-01 12:37:31,0.457,12.19178082191781
2022-09-01 12:38:01,0.513,19.86301369863014
2022-09-01 12:38:30,0.474,14.520547945205477
2022-09-01 12:39:00,0.49,16.71232876712329
2022-09-01 12:39:31,0.47,13.972602739726025
2022-09-01 12:40:00,0.535,22.87671232876713
2022-09-01 12:40:30,0.466,13.42465753424658
2022-09-01 12:41:01,0.509,19.31506849315069
2022-09-01 12:41:30,0.47,13.972602739726025
2022-09-01 12:42:00,0.529,22.05479452054795
2022-09-01 12:42:31,0.457,12.19178082191781
2022-09-01 12:43:00,0.513,19.86301369863014
2022-09-01 12:43:30,0.466,13.42465753424658
2022-09-01 12:44:01,0.504,18.630136986301373
2022-09-01 12:44:30,0.454,11.780821917808222
2022-09-01 12:45:00,0.533,22.6027397260274
2022-09-01 12:45:31,0.464,13.150684931506852
2022-09-01 12:46:01,0.499,17.945205479452056
2022-09-01 12:46:30,0.473,14.383561643835614
2022-09-01 12:47:01,0.51,19.45205479452055
2022-09-01 12:47:31,0.473,14.383561643835614
2022-09-01 12:48:00,0.505,18.767123287671236
2022-09-01 12:48:31,0.474,14.520547945205477
2022-09-01 12:49:01,0.523,21.23287671232877
2022-09-01 12:49:30,0.46,12.602739726027401
2022-09-01 12:50:01,0.562,26.575342465753437
2022-09-01 12:50:31,0.47,13.972602739726025
2022-09-01 12:51:01,0.518,20.547945205479458
2022-09-01 12:51:30,0.482,15.616438356164384
2022-09-01 12:52:01,0.535,22.87671232876713
2022-09-01 12:52:31,0.47,13.972602739726025
2022-09-01 12:53:00,0.53,22.191780821917817
2022-09-01 12:53:31,0.455,11.917808219178085
2022-09-01 12:54:00,0.527,21.780821917808225
2022-09-01 12:54:31,0.473,14.383561643835614
2022-09-01 12:55:01,0.532,22.465753424657542
2022-09-01 12:55:30,0.474,14.520547945205477
2022-09-01 12:56:01,0.52,20.821917808219183
2022-09-01 12:56:30,0.479,15.205479452054792
2022-09-01 12:57:00,0.47,13.972602739726025
2022-09-01 12:57:31,0.472,14.24657534246575
2022-09-01 12:58:01,0.478,15.06849315068493
2022-09-01 12:58:30,0.476,14.794520547945204
2022-09-01 12:59:00,0.469,13.835616438356162
2022-09-01 12:59:31,0.469,13.835616438356162
2022-09-01 13:00:01,0.509,19.31506849315069
2022-09-01 13:00:30,0.459,12.465753424657537
2022-09-01 13:01:01,0.497,17.67123287671233
2022-09-01 13:01:30,0.47,13.972602739726025
2022-09-01 13:02:01,0.543,23.972602739726035
2022-09-01 13:02:31,0.475,14.65753424657534
2022-09-01 13:03:00,0.483,15.753424657534245
2022-09-01 13:03:31,0.457,12.19178082191781
2022-09-01 13:04:01,0.525,21.5068493150685
2022-09-01 13:04:30,0.479,15.205479452054792
2022-09-01 13:05:00,0.52,20.821917808219183
2022-09-01 13:05:31,0.474,14.520547945205477
2022-09-01 13:06:01,0.489,16.575342465753423
2022-09-01 13:06:31,0.475,14.65753424657534
2022-09-01 13:07:00,0.508,19.178082191780824
2022-09-01 13:07:31,0.455,11.917808219178085
2022-09-01 13:08:01,0.493,17.123287671232877
2022-09-01 13:08:30,0.458,12.328767123287674
2022-09-01 13:09:01,0.511,19.589041095890416
2022-09-01 13:09:31,0.482,15.616438356164384
2022-09-01 13:10:00,0.539,23.424657534246585
2022-09-01 13:10:30,0.474,14.520547945205477
2022-09-01 13:11:00,0.462,12.876712328767127
2022-09-01 13:11:31,0.473,14.383561643835614
2022-09-01 13:12:01,0.497,17.67123287671233
2022-09-01 13:12:30,0.486,16.164383561643834
2022-09-01 13:13:01,0.502,18.356164383561648
2022-09-01 13:13:31,0.455,11.917808219178085
2022-09-01 13:14:00,0.522,21.09589041095891
2022-09-01 13:14:31,0.463,13.01369863013699
2022-09-01 13:15:01,0.555,25.616438356164394
2022-09-01 13:15:30,0.46,12.602739726027401
2022-09-01 13:16:01,0.517,20.41095890410959
2022-09-01 13:16:30,0.471,14.109589041095887
2022-09-01 13:17:01,0.53,22.191780821917817
2022-09-01 13:17:30,0.471,14.109589041095887
2022-09-01 13:18:01,0.503,18.493150684931507
2022-09-01 13:18:31,0.462,12.876712328767127
2022-09-01 13:19:00,0.472,14.24657534246575
2022-09-01 13:19:31,0.471,14.109589041095887
2022-09-01 13:20:01,0.543,23.972602739726035
2022-09-01 13:20:30,0.479,15.205479452054792
2022-09-01 13:21:01,0.515,20.136986301369866
2022-09-01 13:21:30,0.465,13.287671232876717
2022-09-01 13:22:01,0.503,18.493150684931507
2022-09-01 13:22:31,0.472,14.24657534246575
2022-09-01 13:23:01,0.478,15.06849315068493
2022-09-01 13:23:30,0.473,14.383561643835614
2022-09-01 13:24:00,0.515,20.136986301369866
2022-09-01 13:24:30,0.465,13.287671232876717
2022-09-01 13:25:01,0.506,18.9041095890411
2022-09-01 13:25:31,0.476,14.794520547945204
2022-09-01 13:26:01,0.476,14.794520547945204
2022-09-01 13:26:30,0.478,15.06849315068493
2022-09-01 13:27:01,0.534,22.739726027397268
2022-09-01 13:27:31,0.451,11.369863013698632
2022-09-01 13:28:01,0.533,22.6027397260274
2022-09-01 13:28:30,0.471,14.109589041095887
2022-09-01 13:29:00,0.52,20.821917808219183
2022-09-01 13:29:31,0.454,11.780821917808222
2022-09-01 13:30:01,0.505,18.767123287671236
2022-09-01 13:30:30,0.464,13.150684931506852
2022-09-01 13:31:01,0.491,16.84931506849315
2022-09-01 13:31:31,0.471,14.109589041095887
2022-09-01 13:32:00,0.467,13.561643835616444
2022-09-01 13:32:30,0.482,15.616438356164384
2022-09-01 13:33:01,0.503,18.493150684931507
2022-09-01 13:33:31,0.474,14.520547945205477
2022-09-01 13:34:00,0.519,20.68493150684932
2022-09-01 13:34:30,0.473,14.383561643835614
2022-09-01 13:35:01,0.517,20.41095890410959
2022-09-01 13:35:31,0.471,14.109589041095887
2022-09-01 13:36:00,0.458,12.328767123287674
2022-09-01 13:36:31,0.472,14.24657534246575
2022-09-01 13:37:01,0.533,22.6027397260274
2022-09-01 13:37:31,0.457,12.19178082191781
2022-09-01 13:38:00,0.518,20.547945205479458
2022-09-01 13:38:31,0.469,13.835616438356162
2022-09-01 13:39:00,0.533,22.6027397260274
2022-09-01 13:39:30,0.46,12.602739726027401
2022-09-01 13:40:01,0.537,23.15068493150686
2022-09-01 13:40:31,0.454,11.780821917808222
2022-09-01 13:41:00,0.475,14.65753424657534
2022-09-01 13:41:31,0.472,14.24657534246575
2022-09-01 13:42:01,0.501,18.21917808219178
2022-09-01 13:42:30,0.464,13.150684931506852
2022-09-01 13:43:00,0.526,21.643835616438363
2022-09-01 13:43:30,0.47,13.972602739726025
2022-09-01 13:44:00,0.523,21.23287671232877
2022-09-01 13:44:31,0.468,13.698630136986306
2022-09-01 13:45:01,0.527,21.780821917808225
2022-09-01 13:45:30,0.469,13.835616438356162
2022-09-01 13:46:00,0.52,20.821917808219183
2022-09-01 13:46:31,0.473,14.383561643835614
2022-09-01 13:47:01,0.527,21.780821917808225
2022-09-01 13:47:30,0.471,14.109589041095887
2022-09-01 13:48:00,0.476,14.794520547945204
2022-09-01 13:48:31,0.474,14.520547945205477
2022-09-01 13:49:01,0.468,13.698630136986306
2022-09-01 13:49:30,0.467,13.561643835616444
2022-09-01 13:50:01,0.513,19.86301369863014
2022-09-01 13:50:30,0.459,12.465753424657537
2022-09-01 13:51:00,0.479,15.205479452054792
2022-09-01 13:51:31,0.472,14.24657534246575
2022-09-01 13:52:01,0.517,20.41095890410959
2022-09-01 13:52:30,0.465,13.287671232876717
2022-09-01 13:53:01,0.521,20.958904109589046
2022-09-01 13:53:31,0.468,13.698630136986306
2022-09-01 13:54:00,0.529,22.05479452054795
2022-09-01 13:54:31,0.456,12.054794520547947
2022-09-01 13:55:01,0.528,21.917808219178088
2022-09-01 13:55:30,0.47,13.972602739726025
2022-09-01 13:56:01,0.479,15.205479452054792
2022-09-01 13:56:31,0.477,14.931506849315067
2022-09-01 13:57:00,0.526,21.643835616438363
2022-09-01 13:57:31,0.463,13.01369863013699
2022-09-01 13:58:01,0.49,16.71232876712329
2022-09-01 13:58:30,0.456,12.054794520547947
2022-09-01 13:59:01,0.514,20.000000000000004
2022-09-01 13:59:30,0.468,13.698630136986306
2022-09-01 14:00:01,0.495,17.397260273972606
2022-09-01 14:00:31,0.475,14.65753424657534
2022-09-01 14:01:00,0.544,24.109589041095898
2022-09-01 14:01:30,0.474,14.520547945205477
2022-09-01 14:02:01,0.534,22.739726027397268
2022-09-01 14:02:30,0.47,13.972602739726025
2022-09-01 14:03:01,0.527,21.780821917808225
2022-09-01 14:03:31,0.468,13.698630136986306
2022-09-01 14:04:00,0.523,21.23287671232877
2022-09-01 14:04:31,0.469,13.835616438356162
2022-09-01 14:05:01,0.514,20.000000000000004
2022-09-01 14:05:30,0.454,11.780821917808222
2022-09-01 14:06:01,0.463,13.01369863013699
2022-09-01 14:06:30,0.477,14.931506849315067
2022-09-01 14:07:00,0.485,16.027397260273972
2022-09-01 14:07:31,0.479,15.205479452054792
2022-09-01 14:08:01,0.47,13.972602739726025
2022-09-01 14:08:31,0.463,13.01369863013699
2022-09-01 14:09:00,0.503,18.493150684931507
2022-09-01 14:09:30,0.473,14.383561643835614
2022-09-01 14:10:01,0.555,25.616438356164394
2022-09-01 14:10:30,0.472,14.24657534246575
2022-09-01 14:11:00,0.515,20.136986301369866
2022-09-01 14:11:31,0.468,13.698630136986306
2022-09-01 14:12:00,0.52,20.821917808219183
2022-09-01 14:12:31,0.468,13.698630136986306
2022-09-01 14:13:00,0.524,21.369863013698634
2022-09-01 14:13:30,0.47,13.972602739726025
2022-09-01 14:14:01,0.51,19.45205479452055
2022-09-01 14:14:31,0.474,14.520547945205477
2022-09-01 14:15:00,0.531,22.328767123287676
2022-09-01 14:15:31,0.483,15.753424657534245
2022-09-01 14:16:00,0.497,17.67123287671233
2022-09-01 14:16:30,0.477,14.931506849315067
2022-09-01 14:17:01,0.517,20.41095890410959
2022-09-01 14:17:30,0.477,14.931506849315067
2022-09-01 14:18:00,0.525,21.5068493150685
2022-09-01 14:18:30,0.479,15.205479452054792
2022-09-01 14:19:01,0.486,16.164383561643834
2022-09-01 14:19:31,0.472,14.24657534246575
2022-09-01 14:20:00,0.511,19.589041095890416
2022-09-01 14:20:30,0.462,12.876712328767127
2022-09-01 14:21:01,0.467,13.561643835616444
2022-09-01 14:21:31,0.471,14.109589041095887
2022-09-01 14:22:00,0.471,14.109589041095887
2022-09-01 14:22:31,0.47,13.972602739726025
2022-09-01 14:23:00,0.463,13.01369863013699
2022-09-01 14:23:31,0.475,14.65753424657534
2022-09-01 14:24:00,0.479,15.205479452054792
2022-09-01 14:24:30,0.467,13.561643835616444
2022-09-01 14:25:01,0.531,22.328767123287676
2022-09-01 14:25:31,0.463,13.01369863013699
2022-09-01 14:26:00,0.494,17.26027397260274
2022-09-01 14:26:31,0.474,14.520547945205477
2022-09-01 14:27:00,0.513,19.86301369863014
2022-09-01 14:27:30,0.485,16.027397260273972
2022-09-01 14:28:01,0.492,16.986301369863014
2022-09-01 14:28:31,0.483,15.753424657534245
2022-09-01 14:29:01,0.496,17.534246575342465
2022-09-01 14:29:30,0.47,13.972602739726025
2022-09-01 14:30:00,0.525,21.5068493150685
2022-09-01 14:30:31,0.472,14.24657534246575
2022-09-01 14:31:00,0.454,11.780821917808222
2022-09-01 14:31:30,0.455,11.917808219178085
2022-09-01 14:32:01,0.528,21.917808219178088
2022-09-01 14:32:31,0.469,13.835616438356162
2022-09-01 14:33:00,0.522,21.09589041095891
2022-09-01 14:33:31,0.459,12.465753424657537
2022-09-01 14:34:00,0.504,18.630136986301373
2022-09-01 14:34:31,0.473,14.383561643835614
2022-09-01 14:35:00,0.519,20.68493150684932
2022-09-01 14:35:30,0.465,13.287671232876717
2022-09-01 14:36:01,0.53,22.191780821917817
2022-09-01 14:36:31,0.468,13.698630136986306
2022-09-01 14:37:00,0.523,21.23287671232877
2022-09-01 14:37:31,0.478,15.06849315068493
2022-09-01 14:38:01,0.488,16.438356164383563
2022-09-01 14:38:30,0.47,13.972602739726025
2022-09-01 14:39:00,0.533,22.6027397260274
2022-09-01 14:39:31,0.454,11.780821917808222
2022-09-01 14:40:01,0.499,17.945205479452056
2022-09-01 14:40:31,0.471,14.109589041095887
2022-09-01 14:41:00,0.453,11.643835616438357
2022-09-01 14:41:31,0.47,13.972602739726025
2022-09-01 14:42:01,0.522,21.09589041095891
2022-09-01 14:42:31,0.472,14.24657534246575
2022-09-01 14:43:00,0.483,15.753424657534245
2022-09-01 14:43:31,0.475,14.65753424657534
2022-09-01 14:44:01,0.508,19.178082191780824
2022-09-01 14:44:30,0.453,11.643835616438357
2022-09-01 14:45:01,0.454,11.780821917808222
2022-09-01 14:45:30,0.471,14.109589041095887
2022-09-01 14:46:01,0.484,15.89041095890411
2022-09-01 14:46:31,0.462,12.876712328767127
2022-09-01 14:47:00,0.517,20.41095890410959
2022-09-01 14:47:30,0.474,14.520547945205477
2022-09-01 14:48:01,0.517,20.41095890410959
2022-09-01 14:48:31,0.466,13.42465753424658
2022-09-01 14:49:00,0.52,20.821917808219183
2022-09-01 14:49:31,0.476,14.794520547945204
2022-09-01 14:50:01,0.552,25.205479452054803
2022-09-01 14:50:31,0.473,14.383561643835614
2022-09-01 14:51:00,0.489,16.575342465753423
2022-09-01 14:51:31,0.465,13.287671232876717
2022-09-01 14:52:00,0.514,20.000000000000004
2022-09-01 14:52:30,0.478,15.06849315068493
2022-09-01 14:53:01,0.477,14.931506849315067
2022-09-01 14:53:30,0.459,12.465753424657537
2022-09-01 14:54:00,0.522,21.09589041095891
2022-09-01 14:54:30,0.476,14.794520547945204
2022-09-01 14:55:01,0.545,24.24657534246576
2022-09-01 14:55:30,0.485,16.027397260273972
2022-09-01 14:56:01,0.523,21.23287671232877
2022-09-01 14:56:30,0.489,16.575342465753423
2022-09-01 14:57:01,0.529,22.05479452054795
2022-09-01 14:57:30,0.474,14.520547945205477
2022-09-01 14:58:00,0.475,14.65753424657534
2022-09-01 14:58:31,0.475,14.65753424657534
2022-09-01 14:59:01,0.531,22.328767123287676
2022-09-01 14:59:30,0.482,15.616438356164384
2022-09-01 15:00:01,0.523,21.23287671232877
2022-09-01 15:00:31,0.471,14.109589041095887
2022-09-01 15:01:00,0.525,21.5068493150685
2022-09-01 15:01:31,0.47,13.972602739726025
2022-09-01 15:02:00,0.53,22.191780821917817
2022-09-01 15:02:30,0.461,12.739726027397264
2022-09-01 15:03:01,0.518,20.547945205479458
2022-09-01 15:03:30,0.475,14.65753424657534
2022-09-01 15:04:00,0.52,20.821917808219183
2022-09-01 15:04:31,0.472,14.24657534246575
2022-09-01 15:05:00,0.526,21.643835616438363
2022-09-01 15:05:31,0.477,14.931506849315067
2022-09-01 15:06:01,0.526,21.643835616438363
2022-09-01 15:06:30,0.465,13.287671232876717
2022-09-01 15:07:01,0.514,20.000000000000004
2022-09-01 15:07:31,0.477,14.931506849315067
2022-09-01 15:08:00,0.52,20.821917808219183
2022-09-01 15:08:31,0.482,15.616438356164384
2022-09-01 15:09:00,0.494,17.26027397260274
2022-09-01 15:09:31,0.477,14.931506849315067
2022-09-01 15:10:01,0.48,15.342465753424655
2022-09-01 15:10:30,0.485,16.027397260273972
2022-09-01 15:11:00,0.486,16.164383561643834
2022-09-01 15:11:31,0.47,13.972602739726025
2022-09-01 15:12:00,0.523,21.23287671232877
2022-09-01 15:12:30,0.479,15.205479452054792
2022-09-01 15:13:01,0.491,16.84931506849315
2022-09-01 15:13:30,0.472,14.24657534246575
2022-09-01 15:14:00,0.499,17.945205479452056
2022-09-01 15:14:31,0.473,14.383561643835614
2022-09-01 15:15:00,0.498,17.808219178082194
2022-09-01 15:15:30,0.479,15.205479452054792
2022-09-01 15:16:00,0.528,21.917808219178088
2022-09-01 15:16:31,0.468,13.698630136986306
2022-09-01 15:17:01,0.477,14.931506849315067
2022-09-01 15:17:30,0.48,15.342465753424655
2022-09-01 15:18:00,0.515,20.136986301369866
2022-09-01 15:18:31,0.476,14.794520547945204
2022-09-01 15:19:01,0.49,16.71232876712329
2022-09-01 15:19:30,0.477,14.931506849315067
2022-09-01 15:20:00,0.544,24.109589041095898
2022-09-01 15:20:31,0.469,13.835616438356162
2022-09-01 15:21:00,0.525,21.5068493150685
2022-09-01 15:21:30,0.477,14.931506849315067
2022-09-01 15:22:01,0.528,21.917808219178088
2022-09-01 15:22:31,0.478,15.06849315068493
2022-09-01 15:23:00,0.508,19.178082191780824
2022-09-01 15:23:30,0.469,13.835616438356162
2022-09-01 15:24:00,0.532,22.465753424657542
2022-09-01 15:24:31,0.479,15.205479452054792
2022-09-01 15:25:00,0.533,22.6027397260274
2022-09-01 15:25:30,0.472,14.24657534246575
2022-09-01 15:26:01,0.521,20.958904109589046
2022-09-01 15:26:30,0.479,15.205479452054792
2022-09-01 15:27:01,0.534,22.739726027397268
2022-09-01 15:27:31,0.476,14.794520547945204
2022-09-01 15:28:00,0.53,22.191780821917817
2022-09-01 15:28:30,0.472,14.24657534246575
2022-09-01 15:29:00,0.486,16.164383561643834
2022-09-01 15:29:30,0.47,13.972602739726025
2022-09-01 15:30:01,0.521,20.958904109589046
2022-09-01 15:30:30,0.475,14.65753424657534
2022-09-01 15:31:00,0.459,12.465753424657537
2022-09-01 15:31:30,0.467,13.561643835616444
2022-09-01 15:32:01,0.506,18.9041095890411
2022-09-01 15:32:30,0.471,14.109589041095887
2022-09-01 15:33:01,0.521,20.958904109589046
2022-09-01 15:33:31,0.464,13.150684931506852
2022-09-01 15:34:00,0.523,21.23287671232877
2022-09-01 15:34:30,0.469,13.835616438356162
2022-09-01 15:35:01,0.528,21.917808219178088
2022-09-01 15:35:30,0.474,14.520547945205477
2022-09-01 15:36:01,0.514,20.000000000000004
2022-09-01 15:36:31,0.467,13.561643835616444
2022-09-01 15:37:00,0.523,21.23287671232877
2022-09-01 15:37:31,0.477,14.931506849315067
2022-09-01 15:38:00,0.483,15.753424657534245
2022-09-01 15:38:31,0.483,15.753424657534245
2022-09-01 15:39:00,0.517,20.41095890410959
2022-09-01 15:39:31,0.473,14.383561643835614
2022-09-01 15:40:01,0.52,20.821917808219183
2022-09-01 15:40:31,0.498,17.808219178082194
2022-09-01 15:41:01,0.525,21.5068493150685
2022-09-01 15:41:31,0.471,14.109589041095887
2022-09-01 15:42:00,0.529,22.05479452054795
2022-09-01 15:42:31,0.487,16.301369863013697
2022-09-01 15:43:00,0.525,21.5068493150685
2022-09-01 15:43:31,0.47,13.972602739726025
2022-09-01 15:44:00,0.53,22.191780821917817
2022-09-01 15:44:31,0.473,14.383561643835614
2022-09-01 15:45:00,0.499,17.945205479452056
2022-09-01 15:45:31,0.47,13.972602739726025
2022-09-01 15:46:00,0.53,22.191780821917817
2022-09-01 15:46:30,0.463,13.01369863013699
2022-09-01 15:47:00,0.529,22.05479452054795
2022-09-01 15:47:30,0.478,15.06849315068493
2022-09-01 15:48:01,0.496,17.534246575342465
2022-09-01 15:48:31,0.471,14.109589041095887
2022-09-01 15:49:00,0.524,21.369863013698634
2022-09-01 15:49:31,0.477,14.931506849315067
2022-09-01 15:50:01,0.535,22.87671232876713
2022-09-01 15:50:31,0.485,16.027397260273972
2022-09-01 15:51:00,0.532,22.465753424657542
2022-09-01 15:51:31,0.466,13.42465753424658
2022-09-01 15:52:00,0.469,13.835616438356162
2022-09-01 15:52:31,0.484,15.89041095890411
2022-09-01 15:53:01,0.528,21.917808219178088
2022-09-01 15:53:31,0.478,15.06849315068493
2022-09-01 15:54:00,0.516,20.27397260273973
2022-09-01 15:54:31,0.472,14.24657534246575
2022-09-01 15:55:01,0.527,21.780821917808225
2022-09-01 15:55:30,0.47,13.972602739726025
2022-09-01 15:56:01,0.49,16.71232876712329
2022-09-01 15:56:30,0.472,14.24657534246575
2022-09-01 15:57:01,0.506,18.9041095890411
2022-09-01 15:57:30,0.482,15.616438356164384
2022-09-01 15:58:01,0.48,15.342465753424655
2022-09-01 15:58:31,0.472,14.24657534246575
2022-09-01 15:59:01,0.523,21.23287671232877
2022-09-01 15:59:30,0.473,14.383561643835614
2022-09-01 16:00:01,0.526,21.643835616438363
2022-09-01 16:00:31,0.454,11.780821917808222
2022-09-01 16:01:00,0.486,16.164383561643834
2022-09-01 16:01:31,0.476,14.794520547945204
2022-09-01 16:02:01,0.531,22.328767123287676
2022-09-01 16:02:31,0.47,13.972602739726025
2022-09-01 16:03:00,0.499,17.945205479452056
2022-09-01 16:03:31,0.464,13.150684931506852
2022-09-01 16:04:01,0.475,14.65753424657534
2022-09-01 16:04:31,0.476,14.794520547945204
2022-09-01 16:05:00,0.54,23.561643835616444
2022-09-01 16:05:30,0.467,13.561643835616444
2022-09-01 16:06:01,0.526,21.643835616438363
2022-09-01 16:06:30,0.476,14.794520547945204
2022-09-01 16:07:00,0.482,15.616438356164384
2022-09-01 16:07:31,0.493,17.123287671232877
2022-09-01 16:08:01,0.489,16.575342465753423
2022-09-01 16:08:30,0.453,11.643835616438357
2022-09-01 16:09:00,0.497,17.67123287671233
2022-09-01 16:09:31,0.46,12.602739726027401
2022-09-01 16:10:00,0.555,25.616438356164394
2022-09-01 16:10:30,0.475,14.65753424657534
2022-09-01 16:11:01,0.501,18.21917808219178
2022-09-01 16:11:30,0.481,15.47945205479452
2022-09-01 16:12:01,0.528,21.917808219178088
2022-09-01 16:12:31,0.468,13.698630136986306
2022-09-01 16:13:00,0.525,21.5068493150685
2022-09-01 16:13:31,0.471,14.109589041095887
2022-09-01 16:14:00,0.478,15.06849315068493
2022-09-01 16:14:30,0.469,13.835616438356162
2022-09-01 16:15:01,0.522,21.09589041095891
2022-09-01 16:15:31,0.472,14.24657534246575
2022-09-01 16:16:00,0.52,20.821917808219183
2022-09-01 16:16:31,0.477,14.931506849315067
2022-09-01 16:17:00,0.494,17.26027397260274
2022-09-01 16:17:30,0.473,14.383561643835614
2022-09-01 16:18:01,0.478,15.06849315068493
2022-09-01 16:18:30,0.466,13.42465753424658
2022-09-01 16:19:00,0.477,14.931506849315067
2022-09-01 16:19:31,0.467,13.561643835616444
2022-09-01 16:20:00,0.548,24.657534246575352
2022-09-01 16:20:31,0.478,15.06849315068493
2022-09-01 16:21:01,0.484,15.89041095890411
2022-09-01 16:21:30,0.469,13.835616438356162
2022-09-01 16:22:01,0.484,15.89041095890411
2022-09-01 16:22:30,0.468,13.698630136986306
2022-09-01 16:23:00,0.5,18.08219178082192
2022-09-01 16:23:31,0.471,14.109589041095887
2022-09-01 16:24:00,0.486,16.164383561643834
2022-09-01 16:24:30,0.485,16.027397260273972
2022-09-01 16:25:00,0.472,14.24657534246575
2022-09-01 16:25:31,0.475,14.65753424657534
2022-09-01 16:26:01,0.472,14.24657534246575
2022-09-01 16:26:30,0.467,13.561643835616444
2022-09-01 16:27:00,0.502,18.356164383561648
2022-09-01 16:27:31,0.472,14.24657534246575
2022-09-01 16:28:00,0.493,17.123287671232877
2022-09-01 16:28:30,0.479,15.205479452054792
2022-09-01 16:29:01,0.47,13.972602739726025
2022-09-01 16:29:30,0.471,14.109589041095887
2022-09-01 16:30:00,0.452,11.506849315068495
2022-09-01 16:30:31,0.468,13.698630136986306
2022-09-01 16:31:00,0.475,14.65753424657534
2022-09-01 16:31:30,0.464,13.150684931506852
2022-09-01 16:32:00,0.521,20.958904109589046
2022-09-01 16:32:31,0.474,14.520547945205477
2022-09-01 16:33:01,0.488,16.438356164383563
2022-09-01 16:33:30,0.471,14.109589041095887
2022-09-01 16:34:01,0.523,21.23287671232877
2022-09-01 16:34:31,0.478,15.06849315068493
2022-09-01 16:35:00,0.507,19.04109589041096
2022-09-01 16:35:31,0.468,13.698630136986306
2022-09-01 16:36:00,0.529,22.05479452054795
2022-09-01 16:36:31,0.471,14.109589041095887
2022-09-01 16:37:01,0.486,16.164383561643834
2022-09-01 16:37:30,0.474,14.520547945205477
2022-09-01 16:38:00,0.525,21.5068493150685
2022-09-01 16:38:31,0.47,13.972602739726025
2022-09-01 16:39:00,0.479,15.205479452054792
2022-09-01 16:39:31,0.468,13.698630136986306
2022-09-01 16:40:01,0.527,21.780821917808225
2022-09-01 16:40:30,0.468,13.698630136986306
2022-09-01 16:41:01,0.495,17.397260273972606
2022-09-01 16:41:31,0.464,13.150684931506852
2022-09-01 16:42:01,0.478,15.06849315068493
2022-09-01 16:42:30,0.471,14.109589041095887
2022-09-01 16:43:01,0.488,16.438356164383563
2022-09-01 16:43:31,0.473,14.383561643835614
2022-09-01 16:44:00,0.476,14.794520547945204
2022-09-01 16:44:31,0.467,13.561643835616444
2022-09-01 16:45:01,0.467,13.561643835616444
2022-09-01 16:45:30,0.462,12.876712328767127
2022-09-01 16:46:00,0.508,19.178082191780824
2022-09-01 16:46:31,0.465,13.287671232876717
2022-09-01 16:47:00,0.515,20.136986301369866
2022-09-01 16:47:30,0.467,13.561643835616444
2022-09-01 16:48:01,0.531,22.328767123287676
2022-09-01 16:48:31,0.48,15.342465753424655
2022-09-01 16:49:00,0.522,21.09589041095891
2022-09-01 16:49:31,0.48,15.342465753424655
2022-09-01 16:50:01,0.543,23.972602739726035
2022-09-01 16:50:30,0.474,14.520547945205477
2022-09-01 16:51:00,0.472,14.24657534246575
2022-09-01 16:51:31,0.472,14.24657534246575
2022-09-01 16:52:00,0.472,14.24657534246575
2022-09-01 16:52:30,0.476,14.794520547945204
2022-09-01 16:53:01,0.511,19.589041095890416
2022-09-01 16:53:30,0.465,13.287671232876717
2022-09-01 16:54:01,0.505,18.767123287671236
2022-09-01 16:54:31,0.475,14.65753424657534
2022-09-01 16:55:00,0.54,23.561643835616444
2022-09-01 16:55:30,0.471,14.109589041095887
2022-09-01 16:56:01,0.508,19.178082191780824
2022-09-01 16:56:31,0.469,13.835616438356162
2022-09-01 16:57:01,0.476,14.794520547945204
2022-09-01 16:57:31,0.474,14.520547945205477
2022-09-01 16:58:00,0.472,14.24657534246575
2022-09-01 16:58:30,0.481,15.47945205479452
2022-09-01 16:59:01,0.507,19.04109589041096
2022-09-01 16:59:30,0.49,16.71232876712329
2022-09-01 17:00:01,0.552,25.205479452054803
2022-09-01 17:00:31,0.484,15.89041095890411
2022-09-01 17:01:00,0.496,17.534246575342465
2022-09-01 17:01:31,0.47,13.972602739726025
2022-09-01 17:02:00,0.498,17.808219178082194
2022-09-01 17:02:30,0.487,16.301369863013697
2022-09-01 17:03:01,0.501,18.21917808219178
2022-09-01 17:03:31,0.474,14.520547945205477
2022-09-01 17:04:00,0.513,19.86301369863014
2022-09-01 17:04:31,0.466,13.42465753424658
2022-09-01 17:05:01,0.545,24.24657534246576
2022-09-01 17:05:30,0.462,12.876712328767127
2022-09-01 17:06:00,0.537,23.15068493150686
2022-09-01 17:06:31,0.484,15.89041095890411
2022-09-01 17:07:01,0.521,20.958904109589046
2022-09-01 17:07:30,0.486,16.164383561643834
2022-09-01 17:08:01,0.49,16.71232876712329
2022-09-01 17:08:30,0.472,14.24657534246575
2022-09-01 17:09:00,0.526,21.643835616438363
2022-09-01 17:09:31,0.484,15.89041095890411
2022-09-01 17:10:00,0.528,21.917808219178088
2022-09-01 17:10:30,0.488,16.438356164383563
2022-09-01 17:11:01,0.531,22.328767123287676
2022-09-01 17:11:31,0.482,15.616438356164384
2022-09-01 17:12:00,0.512,19.726027397260278
2022-09-01 17:12:31,0.484,15.89041095890411
2022-09-01 17:13:01,0.481,15.47945205479452
2022-09-01 17:13:30,0.48,15.342465753424655
2022-09-01 17:14:01,0.501,18.21917808219178
2022-09-01 17:14:31,0.472,14.24657534246575
2022-09-01 17:15:00,0.497,17.67123287671233
2022-09-01 17:15:31,0.492,16.986301369863014
2022-09-01 17:16:00,0.537,23.15068493150686
2022-09-01 17:16:30,0.468,13.698630136986306
2022-09-01 17:17:01,0.54,23.561643835616444
2022-09-01 17:17:31,0.48,15.342465753424655
2022-09-01 17:18:00,0.497,17.67123287671233
2022-09-01 17:18:31,0.482,15.616438356164384
2022-09-01 17:19:00,0.541,23.69863013698631
2022-09-01 17:19:31,0.464,13.150684931506852
2022-09-01 17:20:00,0.557,25.89041095890412
2022-09-01 17:20:31,0.477,14.931506849315067
2022-09-01 17:21:01,0.534,22.739726027397268
2022-09-01 17:21:30,0.475,14.65753424657534
2022-09-01 17:22:01,0.561,26.43835616438357
2022-09-01 17:22:31,0.505,18.767123287671236
2022-09-01 17:23:00,0.544,24.109589041095898
2022-09-01 17:23:31,0.492,16.986301369863014
2022-09-01 17:24:01,0.519,20.68493150684932
2022-09-01 17:24:30,0.482,15.616438356164384
2022-09-01 17:25:00,0.544,24.109589041095898
2022-09-01 17:25:31,0.501,18.21917808219178
2022-09-01 17:26:01,0.477,14.931506849315067
2022-09-01 17:26:30,0.496,17.534246575342465
2022-09-01 17:27:00,0.532,22.465753424657542
2022-09-01 17:27:31,0.491,16.84931506849315
2022-09-01 17:28:00,0.499,17.945205479452056
2022-09-01 17:28:30,0.541,23.69863013698631
2022-09-01 17:29:01,0.531,22.328767123287676
2022-09-01 17:29:30,0.482,15.616438356164384
2022-09-01 17:30:00,0.581,29.17808219178082
2022-09-01 17:30:30,0.51,19.45205479452055
2022-09-01 17:31:01,0.508,19.178082191780824
2022-09-01 17:31:30,0.503,18.493150684931507
2022-09-01 17:32:00,0.551,25.06849315068494
2022-09-01 17:32:31,0.5,18.08219178082192
2022-09-01 17:33:01,0.537,23.15068493150686
2022-09-01 17:33:30,0.48,15.342465753424655
2022-09-01 17:34:01,0.55,24.931506849315078
2022-09-01 17:34:31,0.495,17.397260273972606
2022-09-01 17:35:00,0.557,25.89041095890412
2022-09-01 17:35:31,0.494,17.26027397260274
2022-09-01 17:36:01,0.529,22.05479452054795
2022-09-01 17:36:30,0.498,17.808219178082194
2022-09-01 17:37:01,0.533,22.6027397260274
2022-09-01 17:37:31,0.496,17.534246575342465
2022-09-01 17:38:01,0.542,23.835616438356173
2022-09-01 17:38:30,0.524,21.369863013698634
2022-09-01 17:39:01,0.586,29.863013698630137
2022-09-01 17:39:31,0.531,22.328767123287676
2022-09-01 17:40:01,0.529,22.05479452054795
2022-09-01 17:40:31,0.507,19.04109589041096
2022-09-01 17:41:01,0.504,18.630136986301373
2022-09-01 17:41:30,0.49,16.71232876712329
2022-09-01 17:42:01,0.541,23.69863013698631
2022-09-01 17:42:31,0.504,18.630136986301373
2022-09-01 17:43:00,0.519,20.68493150684932
2022-09-01 17:43:31,0.483,15.753424657534245
2022-09-01 17:44:01,0.534,22.739726027397268
2022-09-01 17:44:30,0.483,15.753424657534245
2022-09-01 17:45:01,0.562,26.575342465753437
2022-09-01 17:45:31,0.486,16.164383561643834
2022-09-01 17:46:01,0.53,22.191780821917817
2022-09-01 17:46:31,0.479,15.205479452054792
2022-09-01 17:47:01,0.516,20.27397260273973
2022-09-01 17:47:30,0.489,16.575342465753423
2022-09-01 17:48:01,0.495,17.397260273972606
2022-09-01 17:48:30,0.491,16.84931506849315
2022-09-01 17:49:01,0.521,20.958904109589046
2022-09-01 17:49:31,0.477,14.931506849315067
2022-09-01 17:50:01,0.537,23.15068493150686
2022-09-01 17:50:30,0.488,16.438356164383563
2022-09-01 17:51:01,0.516,20.27397260273973
2022-09-01 17:51:31,0.494,17.26027397260274
2022-09-01 17:52:01,0.533,22.6027397260274
2022-09-01 17:52:31,0.491,16.84931506849315
2022-09-01 17:53:01,0.543,23.972602739726035
2022-09-01 17:53:30,0.477,14.931506849315067
2022-09-01 17:54:01,0.517,20.41095890410959
2022-09-01 17:54:30,0.485,16.027397260273972
2022-09-01 17:55:01,0.523,21.23287671232877
2022-09-01 17:55:31,0.496,17.534246575342465
2022-09-01 17:56:00,0.525,21.5068493150685
2022-09-01 17:56:30,0.5,18.08219178082192
2022-09-01 17:57:01,0.49,16.71232876712329
2022-09-01 17:57:30,0.489,16.575342465753423
2022-09-01 17:58:01,0.487,16.301369863013697
2022-09-01 17:58:31,0.476,14.794520547945204
2022-09-01 17:59:00,0.542,23.835616438356173
2022-09-01 17:59:30,0.504,18.630136986301373
2022-09-01 18:00:01,0.533,22.6027397260274
2022-09-01 18:00:31,0.484,15.89041095890411
2022-09-01 18:01:00,0.491,16.84931506849315
2022-09-01 18:01:31,0.491,16.84931506849315
2022-09-01 18:02:00,0.541,23.69863013698631
2022-09-01 18:02:30,0.5,18.08219178082192
2022-09-01 18:03:01,0.49,16.71232876712329
2022-09-01 18:03:30,0.492,16.986301369863014
2022-09-01 18:04:01,0.533,22.6027397260274
2022-09-01 18:04:30,0.486,16.164383561643834
2022-09-01 18:05:00,0.507,19.04109589041096
2022-09-01 18:05:31,0.475,14.65753424657534
2022-09-01 18:06:00,0.47,13.972602739726025
2022-09-01 18:06:30,0.488,16.438356164383563
2022-09-01 18:07:01,0.5,18.08219178082192
2022-09-01 18:07:30,0.499,17.945205479452056
2022-09-01 18:08:00,0.539,23.424657534246585
2022-09-01 18:08:31,0.493,17.123287671232877
2022-09-01 18:09:00,0.53,22.191780821917817
2022-09-01 18:09:30,0.482,15.616438356164384
2022-09-01 18:10:01,0.547,24.52054794520549
2022-09-01 18:10:30,0.488,16.438356164383563
2022-09-01 18:11:01,0.545,24.24657534246576
2022-09-01 18:11:31,0.489,16.575342465753423
2022-09-01 18:12:00,0.538,23.28767123287672
2022-09-01 18:12:30,0.485,16.027397260273972
2022-09-01 18:13:01,0.527,21.780821917808225
2022-09-01 18:13:31,0.487,16.301369863013697
2022-09-01 18:14:00,0.529,22.05479452054795
2022-09-01 18:14:30,0.504,18.630136986301373
2022-09-01 18:15:01,0.518,20.547945205479458
2022-09-01 18:15:30,0.5,18.08219178082192
2022-09-01 18:16:00,0.54,23.561643835616444
2022-09-01 18:16:31,0.488,16.438356164383563
2022-09-01 18:17:01,0.543,23.972602739726035
2022-09-01 18:17:30,0.485,16.027397260273972
2022-09-01 18:18:01,0.529,22.05479452054795
2022-09-01 18:18:31,0.476,14.794520547945204
2022-09-01 18:19:00,0.545,24.24657534246576
2022-09-01 18:19:31,0.492,16.986301369863014
2022-09-01 18:20:01,0.491,16.84931506849315
2022-09-01 18:20:30,0.49,16.71232876712329
2022-09-01 18:21:01,0.498,17.808219178082194
2022-09-01 18:21:30,0.476,14.794520547945204
2022-09-01 18:22:01,0.493,17.123287671232877
2022-09-01 18:22:31,0.492,16.986301369863014
2022-09-01 18:23:00,0.54,23.561643835616444
2022-09-01 18:23:31,0.48,15.342465753424655
2022-09-01 18:24:01,0.55,24.931506849315078
2022-09-01 18:24:31,0.487,16.301369863013697
2022-09-01 18:25:00,0.565,26.98630136986301
2022-09-01 18:25:31,0.486,16.164383561643834
2022-09-01 18:26:00,0.508,19.178082191780824
2022-09-01 18:26:31,0.485,16.027397260273972
2022-09-01 18:27:00,0.481,15.47945205479452
2022-09-01 18:27:31,0.484,15.89041095890411
2022-09-01 18:28:01,0.483,15.753424657534245
2022-09-01 18:28:30,0.488,16.438356164383563
2022-09-01 18:29:01,0.539,23.424657534246585
2022-09-01 18:29:30,0.483,15.753424657534245
2022-09-01 18:30:01,0.543,23.972602739726035
2022-09-01 18:30:31,0.489,16.575342465753423
2022-09-01 18:31:00,0.501,18.21917808219178
2022-09-01 18:31:31,0.488,16.438356164383563
2022-09-01 18:32:01,0.499,17.945205479452056
2022-09-01 18:32:30,0.483,15.753424657534245
2022-09-01 18:33:01,0.47,13.972602739726025
2022-09-01 18:33:31,0.485,16.027397260273972
2022-09-01 18:34:00,0.549,24.794520547945215
2022-09-01 18:34:31,0.483,15.753424657534245
2022-09-01 18:35:01,0.465,13.287671232876717
2022-09-01 18:35:30,0.488,16.438356164383563
2022-09-01 18:36:01,0.515,20.136986301369866
2022-09-01 18:36:31,0.479,15.205479452054792
2022-09-01 18:37:01,0.513,19.86301369863014
2022-09-01 18:37:31,0.483,15.753424657534245
2022-09-01 18:38:00,0.531,22.328767123287676
2022-09-01 18:38:30,0.492,16.986301369863014
2022-09-01 18:39:01,0.502,18.356164383561648
2022-09-01 18:39:31,0.497,17.67123287671233
2022-09-01 18:40:00,0.531,22.328767123287676
2022-09-01 18:40:31,0.499,17.945205479452056
2022-09-01 18:41:01,0.496,17.534246575342465
2022-09-01 18:41:31,0.473,14.383561643835614
2022-09-01 18:42:00,0.507,19.04109589041096
2022-09-01 18:42:31,0.487,16.301369863013697
2022-09-01 18:43:00,0.483,15.753424657534245
2022-09-01 18:43:31,0.475,14.65753424657534
2022-09-01 18:44:01,0.53,22.191780821917817
2022-09-01 18:44:31,0.46,12.602739726027401
2022-09-01 18:45:01,0.489,16.575342465753423
2022-09-01 18:45:30,0.483,15.753424657534245
2022-09-01 18:46:01,0.46,12.602739726027401
2022-09-01 18:46:31,0.478,15.06849315068493
2022-09-01 18:47:00,0.491,16.84931506849315
2022-09-01 18:47:31,0.467,13.561643835616444
2022-09-01 18:48:00,0.491,16.84931506849315
2022-09-01 18:48:31,0.483,15.753424657534245
2022-09-01 18:49:01,0.492,16.986301369863014
2022-09-01 18:49:30,0.488,16.438356164383563
2022-09-01 18:50:01,0.56,26.30136986301371
2022-09-01 18:50:31,0.49,16.71232876712329
2022-09-01 18:51:00,0.511,19.589041095890416
2022-09-01 18:51:31,0.48,15.342465753424655
2022-09-01 18:52:01,0.482,15.616438356164384
2022-09-01 18:52:31,0.47,13.972602739726025
2022-09-01 18:53:01,0.476,14.794520547945204
2022-09-01 18:53:30,0.461,12.739726027397264
2022-09-01 18:54:00,0.508,19.178082191780824
2022-09-01 18:54:31,0.483,15.753424657534245
2022-09-01 18:55:00,0.52,20.821917808219183
2022-09-01 18:55:30,0.482,15.616438356164384
2022-09-01 18:56:00,0.525,21.5068493150685
2022-09-01 18:56:31,0.488,16.438356164383563
2022-09-01 18:57:00,0.507,19.04109589041096
2022-09-01 18:57:31,0.484,15.89041095890411
2022-09-01 18:58:00,0.525,21.5068493150685
2022-09-01 18:58:31,0.485,16.027397260273972
2022-09-01 18:59:01,0.543,23.972602739726035
2022-09-01 18:59:30,0.488,16.438356164383563
2022-09-01 19:00:01,0.47,13.972602739726025
2022-09-01 19:00:31,0.482,15.616438356164384
2022-09-01 19:01:00,0.531,22.328767123287676
2022-09-01 19:01:31,0.483,15.753424657534245
2022-09-01 19:02:00,0.541,23.69863013698631
2022-09-01 19:02:30,0.494,17.26027397260274
2022-09-01 19:03:01,0.531,22.328767123287676
2022-09-01 19:03:30,0.485,16.027397260273972
2022-09-01 19:04:00,0.53,22.191780821917817
2022-09-01 19:04:30,0.488,16.438356164383563
2022-09-01 19:05:01,0.554,25.479452054794532
2022-09-01 19:05:30,0.489,16.575342465753423
2022-09-01 19:06:00,0.507,19.04109589041096
2022-09-01 19:06:30,0.48,15.342465753424655
2022-09-01 19:07:01,0.482,15.616438356164384
2022-09-01 19:07:31,0.481,15.47945205479452
2022-09-01 19:08:00,0.535,22.87671232876713
2022-09-01 19:08:30,0.493,17.123287671232877
2022-09-01 19:09:00,0.469,13.835616438356162
2022-09-01 19:09:30,0.485,16.027397260273972
2022-09-01 19:10:01,0.56,26.30136986301371
2022-09-01 19:10:30,0.482,15.616438356164384
2022-09-01 19:11:01,0.525,21.5068493150685
2022-09-01 19:11:31,0.479,15.205479452054792
2022-09-01 19:12:00,0.536,23.013698630136993
2022-09-01 19:12:31,0.484,15.89041095890411
2022-09-01 19:13:01,0.516,20.27397260273973
2022-09-01 19:13:30,0.485,16.027397260273972
2022-09-01 19:14:01,0.502,18.356164383561648
2022-09-01 19:14:30,0.481,15.47945205479452
2022-09-01 19:15:00,0.537,23.15068493150686
2022-09-01 19:15:31,0.484,15.89041095890411
2022-09-01 19:16:00,0.537,23.15068493150686
2022-09-01 19:16:30,0.477,14.931506849315067
2022-09-01 19:17:01,0.534,22.739726027397268
2022-09-01 19:17:31,0.48,15.342465753424655
2022-09-01 19:18:00,0.48,15.342465753424655
2022-09-01 19:18:30,0.465,13.287671232876717
2022-09-01 19:19:01,0.535,22.87671232876713
2022-09-01 19:19:31,0.485,16.027397260273972
2022-09-01 19:20:01,0.549,24.794520547945215
2022-09-01 19:20:30,0.486,16.164383561643834
2022-09-01 19:21:00,0.504,18.630136986301373
2022-09-01 19:21:31,0.482,15.616438356164384
2022-09-01 19:22:00,0.516,20.27397260273973
2022-09-01 19:22:30,0.508,19.178082191780824
2022-09-01 19:23:01,0.537,23.15068493150686
2022-09-01 19:23:30,0.471,14.109589041095887
2022-09-01 19:24:00,0.538,23.28767123287672
2022-09-01 19:24:31,0.488,16.438356164383563
2022-09-01 19:25:01,0.546,24.383561643835627
2022-09-01 19:25:31,0.491,16.84931506849315
2022-09-01 19:26:00,0.503,18.493150684931507
2022-09-01 19:26:30,0.483,15.753424657534245
2022-09-01 19:27:01,0.541,23.69863013698631
2022-09-01 19:27:31,0.479,15.205479452054792
2022-09-01 19:28:00,0.509,19.31506849315069
2022-09-01 19:28:31,0.488,16.438356164383563
2022-09-01 19:29:01,0.508,19.178082191780824
2022-09-01 19:29:30,0.483,15.753424657534245
2022-09-01 19:30:01,0.53,22.191780821917817
2022-09-01 19:30:30,0.474,14.520547945205477
2022-09-01 19:31:01,0.527,21.780821917808225
2022-09-01 19:31:30,0.486,16.164383561643834
2022-09-01 19:32:01,0.531,22.328767123287676
2022-09-01 19:32:31,0.473,14.383561643835614
2022-09-01 19:33:00,0.538,23.28767123287672
2022-09-01 19:33:31,0.482,15.616438356164384
2022-09-01 19:34:01,0.506,18.9041095890411
2022-09-01 19:34:30,0.488,16.438356164383563
2022-09-01 19:35:01,0.545,24.24657534246576
2022-09-01 19:35:31,0.485,16.027397260273972
2022-09-01 19:36:00,0.533,22.6027397260274
2022-09-01 19:36:31,0.488,16.438356164383563
2022-09-01 19:37:01,0.541,23.69863013698631
2022-09-01 19:37:30,0.48,15.342465753424655
2022-09-01 19:38:01,0.482,15.616438356164384
2022-09-01 19:38:31,0.481,15.47945205479452
2022-09-01 19:39:00,0.533,22.6027397260274
2022-09-01 19:39:31,0.492,16.986301369863014
2022-09-01 19:40:01,0.513,19.86301369863014
2022-09-01 19:40:30,0.471,14.109589041095887
2022-09-01 19:41:01,0.52,20.821917808219183
2022-09-01 19:41:31,0.491,16.84931506849315
2022-09-01 19:42:01,0.538,23.28767123287672
2022-09-01 19:42:31,0.482,15.616438356164384
2022-09-01 19:43:01,0.527,21.780821917808225
2022-09-01 19:43:30,0.48,15.342465753424655
2022-09-01 19:44:01,0.533,22.6027397260274
2022-09-01 19:44:31,0.479,15.205479452054792
2022-09-01 19:45:00,0.553,25.34246575342467
2022-09-01 19:45:30,0.481,15.47945205479452
2022-09-01 19:46:01,0.536,23.013698630136993
2022-09-01 19:46:31,0.482,15.616438356164384
2022-09-01 19:47:00,0.512,19.726027397260278
2022-09-01 19:47:31,0.477,14.931506849315067
2022-09-01 19:48:01,0.508,19.178082191780824
2022-09-01 19:48:30,0.487,16.301369863013697
2022-09-01 19:49:00,0.538,23.28767123287672
2022-09-01 19:49:31,0.487,16.301369863013697
2022-09-01 19:50:00,0.541,23.69863013698631
2022-09-01 19:50:31,0.494,17.26027397260274
2022-09-01 19:51:01,0.49,16.71232876712329
2022-09-01 19:51:30,0.485,16.027397260273972
2022-09-01 19:52:00,0.543,23.972602739726035
2022-09-01 19:52:30,0.484,15.89041095890411
2022-09-01 19:53:01,0.475,14.65753424657534
2022-09-01 19:53:31,0.48,15.342465753424655
2022-09-01 19:54:00,0.541,23.69863013698631
2022-09-01 19:54:30,0.479,15.205479452054792
2022-09-01 19:55:01,0.564,26.849315068493148
2022-09-01 19:55:31,0.481,15.47945205479452
2022-09-01 19:56:00,0.477,14.931506849315067
2022-09-01 19:56:31,0.483,15.753424657534245
2022-09-01 19:57:01,0.526,21.643835616438363
2022-09-01 19:57:31,0.484,15.89041095890411
2022-09-01 19:58:00,0.51,19.45205479452055
2022-09-01 19:58:30,0.485,16.027397260273972
2022-09-01 19:59:01,0.529,22.05479452054795
2022-09-01 19:59:31,0.488,16.438356164383563
2022-09-01 20:00:00,0.527,21.780821917808225
2022-09-01 20:00:31,0.5,18.08219178082192
2022-09-01 20:01:00,0.53,22.191780821917817
2022-09-01 20:01:31,0.487,16.301369863013697
2022-09-01 20:02:01,0.52,20.821917808219183
2022-09-01 20:02:30,0.487,16.301369863013697
2022-09-01 20:03:01,0.537,23.15068493150686
2022-09-01 20:03:30,0.487,16.301369863013697
2022-09-01 20:04:01,0.488,16.438356164383563
2022-09-01 20:04:30,0.485,16.027397260273972
2022-09-01 20:05:01,0.587,30.0
2022-09-01 20:05:31,0.48,15.342465753424655
2022-09-01 20:06:00,0.537,23.15068493150686
2022-09-01 20:06:30,0.484,15.89041095890411
2022-09-01 20:07:01,0.54,23.561643835616444
2022-09-01 20:07:30,0.481,15.47945205479452
2022-09-01 20:08:00,0.521,20.958904109589046
2022-09-01 20:08:31,0.479,15.205479452054792
2022-09-01 20:09:00,0.525,21.5068493150685
2022-09-01 20:09:30,0.489,16.575342465753423
2022-09-01 20:10:01,0.528,21.917808219178088
2022-09-01 20:10:31,0.48,15.342465753424655
2022-09-01 20:11:00,0.53,22.191780821917817
2022-09-01 20:11:31,0.481,15.47945205479452
2022-09-01 20:12:00,0.538,23.28767123287672
2022-09-01 20:12:30,0.488,16.438356164383563
2022-09-01 20:13:01,0.488,16.438356164383563
2022-09-01 20:13:31,0.491,16.84931506849315
2022-09-01 20:14:01,0.511,19.589041095890416
2022-09-01 20:14:30,0.475,14.65753424657534
2022-09-01 20:15:01,0.527,21.780821917808225
2022-09-01 20:15:30,0.482,15.616438356164384
2022-09-01 20:16:01,0.495,17.397260273972606
2022-09-01 20:16:31,0.478,15.06849315068493
2022-09-01 20:17:00,0.507,19.04109589041096
2022-09-01 20:17:31,0.479,15.205479452054792
2022-09-01 20:18:01,0.53,22.191780821917817
2022-09-01 20:18:30,0.482,15.616438356164384
2022-09-01 20:19:01,0.527,21.780821917808225
2022-09-01 20:19:31,0.481,15.47945205479452
2022-09-01 20:20:00,0.557,25.89041095890412
2022-09-01 20:20:31,0.497,17.67123287671233
2022-09-01 20:21:01,0.54,23.561643835616444
2022-09-01 20:21:30,0.483,15.753424657534245
2022-09-01 20:22:01,0.544,24.109589041095898
2022-09-01 20:22:31,0.485,16.027397260273972
2022-09-01 20:23:00,0.533,22.6027397260274
2022-09-01 20:23:31,0.49,16.71232876712329
2022-09-01 20:24:01,0.525,21.5068493150685
2022-09-01 20:24:30,0.475,14.65753424657534
2022-09-01 20:25:01,0.551,25.06849315068494
2022-09-01 20:25:30,0.482,15.616438356164384
2022-09-01 20:26:00,0.52,20.821917808219183
2022-09-01 20:26:30,0.469,13.835616438356162
2022-09-01 20:27:01,0.535,22.87671232876713
2022-09-01 20:27:30,0.479,15.205479452054792
2022-09-01 20:28:01,0.507,19.04109589041096
2022-09-01 20:28:31,0.474,14.520547945205477
2022-09-01 20:29:00,0.489,16.575342465753423
2022-09-01 20:29:31,0.481,15.47945205479452
2022-09-01 20:30:01,0.549,24.794520547945215
2022-09-01 20:30:30,0.475,14.65753424657534
2022-09-01 20:31:00,0.54,23.561643835616444
2022-09-01 20:31:31,0.492,16.986301369863014
2022-09-01 20:32:01,0.541,23.69863013698631
2022-09-01 20:32:30,0.482,15.616438356164384
2022-09-01 20:33:00,0.464,13.150684931506852
2022-09-01 20:33:31,0.481,15.47945205479452
2022-09-01 20:34:01,0.533,22.6027397260274
2022-09-01 20:34:30,0.485,16.027397260273972
2022-09-01 20:35:00,0.543,23.972602739726035
2022-09-01 20:35:31,0.489,16.575342465753423
2022-09-01 20:36:00,0.541,23.69863013698631
2022-09-01 20:36:31,0.478,15.06849315068493
2022-09-01 20:37:01,0.542,23.835616438356173
2022-09-01 20:37:31,0.486,16.164383561643834
2022-09-01 20:38:00,0.534,22.739726027397268
2022-09-01 20:38:31,0.483,15.753424657534245
2022-09-01 20:39:00,0.536,23.013698630136993
2022-09-01 20:39:31,0.476,14.794520547945204
2022-09-01 20:40:01,0.54,23.561643835616444
2022-09-01 20:40:30,0.487,16.301369863013697
2022-09-01 20:41:01,0.537,23.15068493150686
2022-09-01 20:41:31,0.502,18.356164383561648
2022-09-01 20:42:00,0.512,19.726027397260278
2022-09-01 20:42:30,0.483,15.753424657534245
2022-09-01 20:43:01,0.485,16.027397260273972
2022-09-01 20:43:30,0.485,16.027397260273972
2022-09-01 20:44:00,0.535,22.87671232876713
2022-09-01 20:44:31,0.478,15.06849315068493
2022-09-01 20:45:01,0.517,20.41095890410959
2022-09-01 20:45:30,0.49,16.71232876712329
2022-09-01 20:46:01,0.536,23.013698630136993
2022-09-01 20:46:30,0.48,15.342465753424655
2022-09-01 20:47:01,0.535,22.87671232876713
2022-09-01 20:47:30,0.481,15.47945205479452
2022-09-01 20:48:01,0.497,17.67123287671233
2022-09-01 20:48:30,0.492,16.986301369863014
2022-09-01 20:49:00,0.532,22.465753424657542
2022-09-01 20:49:31,0.486,16.164383561643834
2022-09-01 20:50:01,0.557,25.89041095890412
2022-09-01 20:50:31,0.487,16.301369863013697
2022-09-01 20:51:01,0.533,22.6027397260274
2022-09-01 20:51:31,0.477,14.931506849315067
2022-09-01 20:52:00,0.48,15.342465753424655
2022-09-01 20:52:31,0.48,15.342465753424655
2022-09-01 20:53:01,0.538,23.28767123287672
2022-09-01 20:53:30,0.463,13.01369863013699
2022-09-01 20:54:00,0.538,23.28767123287672
2022-09-01 20:54:31,0.477,14.931506849315067
2022-09-01 20:55:01,0.544,24.109589041095898
2022-09-01 20:55:30,0.485,16.027397260273972
2022-09-01 20:56:01,0.5,18.08219178082192
2022-09-01 20:56:31,0.478,15.06849315068493
2022-09-01 20:57:01,0.541,23.69863013698631
2022-09-01 20:57:30,0.487,16.301369863013697
2022-09-01 20:58:01,0.499,17.945205479452056
2022-09-01 20:58:30,0.486,16.164383561643834
2022-09-01 20:59:01,0.511,19.589041095890416
2022-09-01 20:59:31,0.479,15.205479452054792
2022-09-01 21:00:00,0.53,22.191780821917817
2022-09-01 21:00:30,0.492,16.986301369863014
2022-09-01 21:01:00,0.521,20.958904109589046
2022-09-01 21:01:31,0.485,16.027397260273972
2022-09-01 21:02:00,0.541,23.69863013698631
2022-09-01 21:02:30,0.482,15.616438356164384
2022-09-01 21:03:01,0.541,23.69863013698631
2022-09-01 21:03:30,0.48,15.342465753424655
2022-09-01 21:04:00,0.535,22.87671232876713
2022-09-01 21:04:31,0.473,14.383561643835614
2022-09-01 21:05:00,0.564,26.849315068493148
2022-09-01 21:05:30,0.495,17.397260273972606
2022-09-01 21:06:01,0.467,13.561643835616444
2022-09-01 21:06:30,0.493,17.123287671232877
2022-09-01 21:07:00,0.542,23.835616438356173
2022-09-01 21:07:31,0.481,15.47945205479452
2022-09-01 21:08:00,0.528,21.917808219178088
2022-09-01 21:08:30,0.486,16.164383561643834
2022-09-01 21:09:01,0.527,21.780821917808225
2022-09-01 21:09:30,0.48,15.342465753424655
2022-09-01 21:10:01,0.553,25.34246575342467
2022-09-01 21:10:30,0.472,14.24657534246575
2022-09-01 21:11:01,0.514,20.000000000000004
2022-09-01 21:11:31,0.486,16.164383561643834
2022-09-01 21:12:00,0.528,21.917808219178088
2022-09-01 21:12:30,0.498,17.808219178082194
2022-09-01 21:13:01,0.537,23.15068493150686
2022-09-01 21:13:31,0.483,15.753424657534245
2022-09-01 21:14:00,0.508,19.178082191780824
2022-09-01 21:14:31,0.466,13.42465753424658
2022-09-01 21:15:00,0.553,25.34246575342467
2022-09-01 21:15:31,0.471,14.109589041095887
2022-09-01 21:16:01,0.529,22.05479452054795
2022-09-01 21:16:30,0.484,15.89041095890411
2022-09-01 21:17:01,0.546,24.383561643835627
2022-09-01 21:17:31,0.463,13.01369863013699
2022-09-01 21:18:01,0.507,19.04109589041096
2022-09-01 21:18:30,0.486,16.164383561643834
2022-09-01 21:19:00,0.529,22.05479452054795
2022-09-01 21:19:31,0.466,13.42465753424658
2022-09-01 21:20:00,0.509,19.31506849315069
2022-09-01 21:20:31,0.487,16.301369863013697
2022-09-01 21:21:00,0.506,18.9041095890411
2022-09-01 21:21:31,0.488,16.438356164383563
2022-09-01 21:22:01,0.537,23.15068493150686
2022-09-01 21:22:30,0.495,17.397260273972606
2022-09-01 21:23:01,0.509,19.31506849315069
2022-09-01 21:23:30,0.499,17.945205479452056
2022-09-01 21:24:01,0.53,22.191780821917817
2022-09-01 21:24:31,0.468,13.698630136986306
2022-09-01 21:25:00,0.543,23.972602739726035
2022-09-01 21:25:30,0.482,15.616438356164384
2022-09-01 21:26:01,0.534,22.739726027397268
2022-09-01 21:26:30,0.479,15.205479452054792
2022-09-01 21:27:01,0.509,19.31506849315069
2022-09-01 21:27:31,0.479,15.205479452054792
2022-09-01 21:28:00,0.506,18.9041095890411
2022-09-01 21:28:30,0.48,15.342465753424655
2022-09-01 21:29:01,0.529,22.05479452054795
2022-09-01 21:29:31,0.474,14.520547945205477
2022-09-01 21:30:00,0.546,24.383561643835627
2022-09-01 21:30:31,0.48,15.342465753424655
2022-09-01 21:31:00,0.513,19.86301369863014
2022-09-01 21:31:31,0.483,15.753424657534245
2022-09-01 21:32:01,0.461,12.739726027397264
2022-09-01 21:32:30,0.477,14.931506849315067
2022-09-01 21:33:00,0.509,19.31506849315069
2022-09-01 21:33:30,0.484,15.89041095890411
2022-09-01 21:34:01,0.488,16.438356164383563
2022-09-01 21:34:31,0.482,15.616438356164384
2022-09-01 21:35:00,0.496,17.534246575342465
2022-09-01 21:35:31,0.477,14.931506849315067
2022-09-01 21:36:01,0.467,13.561643835616444
2022-09-01 21:36:30,0.474,14.520547945205477
2022-09-01 21:37:01,0.525,21.5068493150685
2022-09-01 21:37:31,0.474,14.520547945205477
2022-09-01 21:38:00,0.513,19.86301369863014
2022-09-01 21:38:30,0.494,17.26027397260274
2022-09-01 21:39:01,0.532,22.465753424657542
2022-09-01 21:39:30,0.483,15.753424657534245
2022-09-01 21:40:00,0.554,25.479452054794532
2022-09-01 21:40:30,0.481,15.47945205479452
2022-09-01 21:41:00,0.49,16.71232876712329
2022-09-01 21:41:31,0.469,13.835616438356162
2022-09-01 21:42:00,0.479,15.205479452054792
2022-09-01 21:42:31,0.476,14.794520547945204
2022-09-01 21:43:00,0.531,22.328767123287676
2022-09-01 21:43:31,0.475,14.65753424657534
2022-09-01 21:44:00,0.482,15.616438356164384
2022-09-01 21:44:30,0.488,16.438356164383563
2022-09-01 21:45:01,0.555,25.616438356164394
2022-09-01 21:45:30,0.477,14.931506849315067
2022-09-01 21:46:01,0.527,21.780821917808225
2022-09-01 21:46:30,0.477,14.931506849315067
2022-09-01 21:47:00,0.525,21.5068493150685
2022-09-01 21:47:31,0.48,15.342465753424655
2022-09-01 21:48:00,0.486,16.164383561643834
2022-09-01 21:48:31,0.469,13.835616438356162
2022-09-01 21:49:00,0.531,22.328767123287676
2022-09-01 21:49:31,0.487,16.301369863013697
2022-09-01 21:50:00,0.556,25.753424657534257
2022-09-01 21:50:31,0.49,16.71232876712329
2022-09-01 21:51:01,0.54,23.561643835616444
2022-09-01 21:51:30,0.481,15.47945205479452
2022-09-01 21:52:01,0.516,20.27397260273973
2022-09-01 21:52:31,0.476,14.794520547945204
2022-09-01 21:53:01,0.529,22.05479452054795
2022-09-01 21:53:31,0.485,16.027397260273972
2022-09-01 21:54:00,0.494,17.26027397260274
2022-09-01 21:54:31,0.483,15.753424657534245
2022-09-01 21:55:01,0.554,25.479452054794532
2022-09-01 21:55:30,0.492,16.986301369863014
2022-09-01 21:56:01,0.538,23.28767123287672
2022-09-01 21:56:30,0.496,17.534246575342465
2022-09-01 21:57:00,0.501,18.21917808219178
2022-09-01 21:57:31,0.487,16.301369863013697
2022-09-01 21:58:00,0.531,22.328767123287676
2022-09-01 21:58:31,0.464,13.150684931506852
2022-09-01 21:59:01,0.497,17.67123287671233
2022-09-01 21:59:31,0.491,16.84931506849315
2022-09-01 22:00:00,0.54,23.561643835616444
2022-09-01 22:00:31,0.488,16.438356164383563
2022-09-01 22:01:01,0.505,18.767123287671236
2022-09-01 22:01:30,0.475,14.65753424657534
2022-09-01 22:02:00,0.49,16.71232876712329
2022-09-01 22:02:31,0.464,13.150684931506852
2022-09-01 22:03:01,0.524,21.369863013698634
2022-09-01 22:03:30,0.484,15.89041095890411
2022-09-01 22:04:01,0.531,22.328767123287676
2022-09-01 22:04:30,0.485,16.027397260273972
2022-09-01 22:05:01,0.554,25.479452054794532
2022-09-01 22:05:31,0.495,17.397260273972606
2022-09-01 22:06:00,0.53,22.191780821917817
2022-09-01 22:06:30,0.474,14.520547945205477
2022-09-01 22:07:01,0.526,21.643835616438363
2022-09-01 22:07:31,0.488,16.438356164383563
2022-09-01 22:08:00,0.524,21.369863013698634
2022-09-01 22:08:30,0.465,13.287671232876717
2022-09-01 22:09:01,0.533,22.6027397260274
2022-09-01 22:09:30,0.486,16.164383561643834
2022-09-01 22:10:00,0.553,25.34246575342467
2022-09-01 22:10:31,0.472,14.24657534246575
2022-09-01 22:11:00,0.489,16.575342465753423
2022-09-01 22:11:30,0.476,14.794520547945204
2022-09-01 22:12:01,0.526,21.643835616438363
2022-09-01 22:12:31,0.488,16.438356164383563
2022-09-01 22:13:00,0.536,23.013698630136993
2022-09-01 22:13:30,0.465,13.287671232876717
2022-09-01 22:14:01,0.525,21.5068493150685
2022-09-01 22:14:30,0.476,14.794520547945204
2022-09-01 22:15:01,0.546,24.383561643835627
2022-09-01 22:15:30,0.482,15.616438356164384
2022-09-01 22:16:01,0.514,20.000000000000004
2022-09-01 22:16:30,0.482,15.616438356164384
2022-09-01 22:17:00,0.464,13.150684931506852
2022-09-01 22:17:31,0.481,15.47945205479452
2022-09-01 22:18:01,0.481,15.47945205479452
2022-09-01 22:18:30,0.459,12.465753424657537
2022-09-01 22:19:01,0.532,22.465753424657542
2022-09-01 22:19:30,0.478,15.06849315068493
2022-09-01 22:20:00,0.539,23.424657534246585
2022-09-01 22:20:31,0.489,16.575342465753423
2022-09-01 22:21:00,0.52,20.821917808219183
2022-09-01 22:21:30,0.474,14.520547945205477
2022-09-01 22:22:01,0.513,19.86301369863014
2022-09-01 22:22:31,0.476,14.794520547945204
2022-09-01 22:23:00,0.463,13.01369863013699
2022-09-01 22:23:31,0.485,16.027397260273972
2022-09-01 22:24:00,0.519,20.68493150684932
2022-09-01 22:24:30,0.484,15.89041095890411
2022-09-01 22:25:01,0.548,24.657534246575352
2022-09-01 22:25:30,0.476,14.794520547945204
2022-09-01 22:26:01,0.535,22.87671232876713
2022-09-01 22:26:31,0.508,19.178082191780824
2022-09-01 22:27:01,0.506,18.9041095890411
2022-09-01 22:27:30,0.478,15.06849315068493
2022-09-01 22:28:01,0.526,21.643835616438363
2022-09-01 22:28:31,0.479,15.205479452054792
2022-09-01 22:29:00,0.502,18.356164383561648
2022-09-01 22:29:31,0.476,14.794520547945204
2022-09-01 22:30:01,0.552,25.205479452054803
2022-09-01 22:30:30,0.459,12.465753424657537
2022-09-01 22:31:01,0.492,16.986301369863014
2022-09-01 22:31:31,0.484,15.89041095890411
2022-09-01 22:32:00,0.527,21.780821917808225
2022-09-01 22:32:31,0.474,14.520547945205477
2022-09-01 22:33:01,0.493,17.123287671232877
2022-09-01 22:33:31,0.486,16.164383561643834
2022-09-01 22:34:00,0.511,19.589041095890416
2022-09-01 22:34:31,0.476,14.794520547945204
2022-09-01 22:35:00,0.507,19.04109589041096
2022-09-01 22:35:30,0.477,14.931506849315067
2022-09-01 22:36:01,0.501,18.21917808219178
2022-09-01 22:36:30,0.482,15.616438356164384
2022-09-01 22:37:01,0.528,21.917808219178088
2022-09-01 22:37:30,0.486,16.164383561643834
2022-09-01 22:38:01,0.516,20.27397260273973
2022-09-01 22:38:31,0.472,14.24657534246575
2022-09-01 22:39:00,0.513,19.86301369863014
2022-09-01 22:39:31,0.48,15.342465753424655
2022-09-01 22:40:01,0.556,25.753424657534257
2022-09-01 22:40:30,0.483,15.753424657534245
2022-09-01 22:41:01,0.532,22.465753424657542
2022-09-01 22:41:31,0.476,14.794520547945204
2022-09-01 22:42:00,0.464,13.150684931506852
2022-09-01 22:42:31,0.477,14.931506849315067
2022-09-01 22:43:01,0.531,22.328767123287676
2022-09-01 22:43:31,0.471,14.109589041095887
2022-09-01 22:44:00,0.491,16.84931506849315
2022-09-01 22:44:31,0.484,15.89041095890411
2022-09-01 22:45:01,0.549,24.794520547945215
2022-09-01 22:45:31,0.477,14.931506849315067
2022-09-01 22:46:00,0.533,22.6027397260274
2022-09-01 22:46:31,0.479,15.205479452054792
2022-09-01 22:47:01,0.484,15.89041095890411
2022-09-01 22:47:30,0.478,15.06849315068493
2022-09-01 22:48:01,0.526,21.643835616438363
2022-09-01 22:48:30,0.485,16.027397260273972
2022-09-01 22:49:00,0.534,22.739726027397268
2022-09-01 22:49:31,0.475,14.65753424657534
2022-09-01 22:50:00,0.536,23.013698630136993
2022-09-01 22:50:30,0.484,15.89041095890411
2022-09-01 22:51:01,0.528,21.917808219178088
2022-09-01 22:51:31,0.471,14.109589041095887
2022-09-01 22:52:00,0.533,22.6027397260274
2022-09-01 22:52:30,0.459,12.465753424657537
2022-09-01 22:53:01,0.534,22.739726027397268
2022-09-01 22:53:31,0.48,15.342465753424655
2022-09-01 22:54:00,0.538,23.28767123287672
2022-09-01 22:54:31,0.473,14.383561643835614
2022-09-01 22:55:01,0.535,22.87671232876713
2022-09-01 22:55:30,0.48,15.342465753424655
2022-09-01 22:56:00,0.491,16.84931506849315
2022-09-01 22:56:31,0.474,14.520547945205477
2022-09-01 22:57:01,0.503,18.493150684931507
2022-09-01 22:57:30,0.485,16.027397260273972
2022-09-01 22:58:00,0.528,21.917808219178088
2022-09-01 22:58:30,0.477,14.931506849315067
2022-09-01 22:59:00,0.51,19.45205479452055
2022-09-01 22:59:31,0.475,14.65753424657534
2022-09-01 23:00:01,0.517,20.41095890410959
2022-09-01 23:00:30,0.469,13.835616438356162
2022-09-01 23:01:00,0.499,17.945205479452056
2022-09-01 23:01:30,0.471,14.109589041095887
2022-09-01 23:02:00,0.491,16.84931506849315
2022-09-01 23:02:30,0.468,13.698630136986306
2022-09-01 23:03:00,0.542,23.835616438356173
2022-09-01 23:03:31,0.477,14.931506849315067
2022-09-01 23:04:00,0.538,23.28767123287672
2022-09-01 23:04:31,0.478,15.06849315068493
2022-09-01 23:05:01,0.556,25.753424657534257
2022-09-01 23:05:31,0.478,15.06849315068493
2022-09-01 23:06:00,0.526,21.643835616438363
2022-09-01 23:06:31,0.483,15.753424657534245
2022-09-01 23:07:01,0.53,22.191780821917817
2022-09-01 23:07:30,0.488,16.438356164383563
2022-09-01 23:08:00,0.52,20.821917808219183
2022-09-01 23:08:31,0.464,13.150684931506852
2022-09-01 23:09:00,0.523,21.23287671232877
2022-09-01 23:09:31,0.482,15.616438356164384
2022-09-01 23:10:00,0.544,24.109589041095898
2022-09-01 23:10:31,0.478,15.06849315068493
2022-09-01 23:11:01,0.533,22.6027397260274
2022-09-01 23:11:30,0.464,13.150684931506852
2022-09-01 23:12:00,0.53,22.191780821917817
2022-09-01 23:12:31,0.464,13.150684931506852
2022-09-01 23:13:00,0.54,23.561643835616444
2022-09-01 23:13:30,0.486,16.164383561643834
2022-09-01 23:14:01,0.514,20.000000000000004
2022-09-01 23:14:30,0.482,15.616438356164384
2022-09-01 23:15:00,0.539,23.424657534246585
2022-09-01 23:15:31,0.48,15.342465753424655
2022-09-01 23:16:00,0.537,23.15068493150686
2022-09-01 23:16:30,0.492,16.986301369863014
2022-09-01 23:17:01,0.524,21.369863013698634
2022-09-01 23:17:30,0.478,15.06849315068493
2022-09-01 23:18:00,0.531,22.328767123287676
2022-09-01 23:18:31,0.469,13.835616438356162
2022-09-01 23:19:01,0.527,21.780821917808225
2022-09-01 23:19:30,0.477,14.931506849315067
2022-09-01 23:20:00,0.55,24.931506849315078
2022-09-01 23:20:31,0.482,15.616438356164384
2022-09-01 23:21:00,0.515,20.136986301369866
2022-09-01 23:21:31,0.473,14.383561643835614
2022-09-01 23:22:01,0.488,16.438356164383563
2022-09-01 23:22:30,0.494,17.26027397260274
2022-09-01 23:23:00,0.496,17.534246575342465
2022-09-01 23:23:31,0.473,14.383561643835614
2022-09-01 23:24:01,0.532,22.465753424657542
2022-09-01 23:24:31,0.477,14.931506849315067
2022-09-01 23:25:00,0.545,24.24657534246576
2022-09-01 23:25:31,0.478,15.06849315068493
2022-09-01 23:26:01,0.486,16.164383561643834
2022-09-01 23:26:30,0.482,15.616438356164384
2022-09-01 23:27:00,0.477,14.931506849315067
2022-09-01 23:27:31,0.48,15.342465753424655
2022-09-01 23:28:00,0.525,21.5068493150685
2022-09-01 23:28:30,0.478,15.06849315068493
2022-09-01 23:29:01,0.519,20.68493150684932
2022-09-01 23:29:30,0.486,16.164383561643834
2022-09-01 23:30:01,0.543,23.972602739726035
2022-09-01 23:30:31,0.478,15.06849315068493
2022-09-01 23:31:00,0.537,23.15068493150686
2022-09-01 23:31:31,0.484,15.89041095890411
2022-09-01 23:32:01,0.513,19.86301369863014
2022-09-01 23:32:31,0.482,15.616438356164384
2022-09-01 23:33:00,0.528,21.917808219178088
2022-09-01 23:33:31,0.483,15.753424657534245
2022-09-01 23:34:00,0.496,17.534246575342465
2022-09-01 23:34:31,0.477,14.931506849315067
2022-09-01 23:35:01,0.539,23.424657534246585
2022-09-01 23:35:30,0.489,16.575342465753423
2022-09-01 23:36:01,0.508,19.178082191780824
2022-09-01 23:36:31,0.473,14.383561643835614
2022-09-01 23:37:00,0.483,15.753424657534245
2022-09-01 23:37:31,0.48,15.342465753424655
2022-09-01 23:38:01,0.527,21.780821917808225
2022-09-01 23:38:31,0.482,15.616438356164384
2022-09-01 23:39:00,0.545,24.24657534246576
2022-09-01 23:39:30,0.481,15.47945205479452
2022-09-01 23:40:01,0.546,24.383561643835627
2022-09-01 23:40:31,0.47,13.972602739726025
2022-09-01 23:41:00,0.501,18.21917808219178
2022-09-01 23:41:31,0.48,15.342465753424655
2022-09-01 23:42:01,0.51,19.45205479452055
2022-09-01 23:42:30,0.474,14.520547945205477
2022-09-01 23:43:01,0.531,22.328767123287676
2022-09-01 23:43:30,0.482,15.616438356164384
2022-09-01 23:44:01,0.531,22.328767123287676
2022-09-01 23:44:30,0.476,14.794520547945204
2022-09-01 23:45:01,0.548,24.657534246575352
2022-09-01 23:45:31,0.465,13.287671232876717
2022-09-01 23:46:00,0.496,17.534246575342465
2022-09-01 23:46:31,0.471,14.109589041095887
2022-09-01 23:47:01,0.466,13.42465753424658
2022-09-01 23:47:30,0.475,14.65753424657534
2022-09-01 23:48:01,0.532,22.465753424657542
2022-09-01 23:48:31,0.477,14.931506849315067
2022-09-01 23:49:00,0.476,14.794520547945204
2022-09-01 23:49:30,0.474,14.520547945205477
2022-09-01 23:50:01,0.554,25.479452054794532
2022-09-01 23:50:30,0.48,15.342465753424655
2022-09-01 23:51:01,0.525,21.5068493150685
2022-09-01 23:51:31,0.484,15.89041095890411
2022-09-01 23:52:00,0.486,16.164383561643834
2022-09-01 23:52:30,0.485,16.027397260273972
2022-09-01 23:53:01,0.508,19.178082191780824
2022-09-01 23:53:31,0.488,16.438356164383563
2022-09-01 23:54:00,0.533,22.6027397260274
2022-09-01 23:54:31,0.488,16.438356164383563
2022-09-01 23:55:01,0.545,24.24657534246576
2022-09-01 23:55:31,0.468,13.698630136986306
2022-09-01 23:56:00,0.485,16.027397260273972
2022-09-01 23:56:31,0.489,16.575342465753423
2022-09-01 23:57:01,0.508,19.178082191780824
2022-09-01 23:57:30,0.491,16.84931506849315
2022-09-01 23:58:01,0.483,15.753424657534245
2022-09-01 23:58:31,0.476,14.794520547945204
2022-09-01 23:59:00,0.537,23.15068493150686
2022-09-01 23:59:31,0.483,15.753424657534245
